id,name,image,region,description,location,drops,healthPoints
17f695abef9l0i1ujzrup5y0z7rw6,Abductor Virgins,,Mount Gelmir,Deadly mechanical constructs who wield massive blades.,Volcano Manor,"['10.000 Runes', ""Inquisitor's Girandole""]",???
17f69b4ba0al0i1uk6s98t1nbtxunt,"Alecto, Black Knife Ringleader",https://eldenring.fanapis.com/images/bosses/17f69b4ba0al0i1uk6s98t1nbtxunt.png,Liurnia of the Lakes,Remarkably agile and aggressive warrior. Dangerous even for those with shield coverage...,"Ringleader's Evergoal, Liurnia of the Lakes","['8.000 Runes', 'Black Knife Tiche']",???
17f69d0313fl0i1uk8pokynv71bkz8,Alecto Black Knife Ringleader,https://eldenring.fanapis.com/images/bosses/17f69d0313fl0i1uk8pokynv71bkz8.png,Liurnia of the Lakes,Remarkably agile and aggressive warrior. Dangerous even for those with shield coverage...,Limgrave,"['80.000 Runes', 'Other Drops']",???
17f69b85929l0i1ukc4l2up7yp9v0i,Alabaster Lord,https://eldenring.fanapis.com/images/bosses/17f69b85929l0i1ukc4l2up7yp9v0i.png,Liurnia of the Lakes,An Evergaol prisoner wielding a vicious sword and the void with murderous intent.,"Royal Grave Evergaol, Liurnia of the Lakes","['3.600 Runes', 'Meteorite']",???
17f69a3ca37l0i1ukd1lq14ctafbk,"Adan, Thief Of Fire",https://eldenring.fanapis.com/images/bosses/17f69a3ca37l0i1ukd1lq14ctafbk.png,Liurnia of the Lakes,"An evergaol prisoner and former battle mage, Adan wields a spiked flail and uses stolen knowledge of fire magic to great effect.",Malefactor's Evergaol,"['3.800 Runes', 'Flame of the Fell God']",2200
17f69a63610l0i1ukyx7xgx6vf0zoa,Ancient Dragon Lansseax,https://eldenring.fanapis.com/images/bosses/17f69a63610l0i1ukyx7xgx6vf0zoa.png,Altus Plateau,Lansseax was the sister of Fortissax. It is said that she took the from of a human to commune with the knights as a priestess of the ancient dragon cult.,Altus Plateau,"['60.000 Runes', ""Lansseax's Glaive""]",9087
17f69590896l0i1ul0hnmor8iyf9xd,Ancestor Spirit,https://eldenring.fanapis.com/images/bosses/17f69590896l0i1ul0hnmor8iyf9xd.png,Limgrave,"A glowing spirit that takes the form of a large deer, making it a menacing threat when charging at targets.",Siofra River,"['13.000 Runes', 'Ancestral Follower Ashes']",2200
17f69878c4al0i1ul0i7dsfou8igrk,Ancient Hero Of Zamor,https://eldenring.fanapis.com/images/bosses/17f69878c4al0i1ul0i7dsfou8igrk.png,Weeping Peninsula,"Noticeably agile, frost-made creature suceptible to magic attacks.","Weeping Evergaol, Giant-Conquering Hero's Grave","['5,400 Runes', ""Radagon's Scarseal"", '83,000 Runes', 'Zamor Curved Sword', 'Zamor Mask', 'Zamor Armor', 'Zamor Bracelets', 'Zamor Legwraps']", 2200
17f697240ecl0i1ul21nevug9wq54e,Beast Clergyman,https://eldenring.fanapis.com/images/bosses/17f697240ecl0i1ul21nevug9wq54e.png,Caelid,"Temporarily overtaken by their bestial rage, the Beast Clergyman attacks ferociously, throwing rocks and themselves at their foes. Calm their aggression and return them to their senses.",Crumbling Farum Azula,['N/A'],2200
17f69bcfd7dl0i1ul502rklvi8tx62,"Astel, Stars Of Darkness",https://eldenring.fanapis.com/images/bosses/17f69bcfd7dl0i1ul502rklvi8tx62.png,Consecrated Snowfield,"A hostile, massive Dragon-Fly creature. Menacing and extremely powerful.",Yelough Anix Tunnel in Consecrated Snowfield,"['120000 Runes', 'Meteorite of Astel']","25,376"
17f69d4387al0i1ulpqqumwqw05j3c,Beast Of Farum Azula,https://eldenring.fanapis.com/images/bosses/17f69d4387al0i1ulpqqumwqw05j3c.png,Limgrave,Underground-living creature found at Groveside Cave,Groveside Cave,"['1000 Runes', 'Flamedrake Talisman']",1960
17f69d7fe72l0i1ultk418yedh25s7,Beastman Of Farum Azula,https://eldenring.fanapis.com/images/bosses/17f69d7fe72l0i1ultk418yedh25s7.png,Dragonbarrow,The beasts of Groveside Cave rally around the prowess of the Beastman of Farum Azula,"Groveside Cave, Dragonbarrow Cave","['1000 Runes', 'Flamedrake Talisman', '65,000 Runes', 'Flamedrake Talisman +2']","1,960"
17f69c4aacel0i1uluegh15idblimv,Bell Bearing Hunter,https://eldenring.fanapis.com/images/bosses/17f69c4aacel0i1uluegh15idblimv.png,Dragonbarrow,"Menacing and slow-paced, it wields a large, red-glowing sword and a shield combined with a full body armor and a chilling cape.","Warmaster's Shack, Northern Stormhill, Church of Vows, East Liurnia, Hermit Merchant's Shack, Leyndell Royal Captial, Dragonbarrow, North Caelid","['2700 Runes', ""Bone Peddler's Bell Bearing""]","6000 Runes, Meat Peddler's Bell Bearing"
17f69a61779l0i1ulv0a3ru8iy0zh5,Black Blade Kindred,https://eldenring.fanapis.com/images/bosses/17f69a61779l0i1ulv0a3ru8iy0zh5.png,Dragonbarrow,Imposing Gargoyle wielding a massive armament,"Caelid, Forbidden Lands","['88,000 Runes', ""Gargoyle's Blackblade"", ""Gargoyle's Black Halberd"", '60,000 Runes', ""Gargoyle's Black Axe"", ""Gargoyle's Black Blades""]","12,500"
17f69bd3c06l0i1ulx2jxbiogta1i,Black Knife Assassin,https://eldenring.fanapis.com/images/bosses/17f69bd3c06l0i1ulx2jxbiogta1i.png,Limgrave,Relentless and agile dark figures carrying a ,"Deathtouched Catacombs, Black Knife CatacombsSage's Cave","['1,600 Runes', ""Assassin's Crimson Dagger"", '1, 600 Runes', ""Assassin's Cerulean Dagger"", ""Sage's Cave"", '?? Runes', 'Concealing Veil', '11,339 Runes', 'Black Knife']",2750
17f69637e92l0i1um8wqsflgk3i9yr,Bloodhound Knight Darriwil,https://eldenring.fanapis.com/images/bosses/17f69637e92l0i1um8wqsflgk3i9yr.png,Limgrave,"The merciless bloodhounds attack with grace and agility, never backing down or giving a moment's rest.","Limgrave, Forlon Hound Evergaol","['1900 Runes', ""Bloodhound's Fang""]","14,792"
17f697f48d5l0i1umdbu7v5phffgq,Burial Tree Watchdog,https://eldenring.fanapis.com/images/bosses/17f697f48d5l0i1umdbu7v5phffgq.png,Limgrave,"A large feline-hound looking guardian that serves as a ""Watchdog""for the Burial Tree of the Stormfoot Catacombs.","Limgrave, Stormfoot Catacombs","['800 Runes', 'Ash of War: Glintsword Arch']",???
17f69563d15l0i1umhb4am3xzuib3g,Cleanrot Knight,https://eldenring.fanapis.com/images/bosses/17f69563d15l0i1umhb4am3xzuib3g.png,Liurnia of the Lakes,"Powerful, dexterous Knight capable of distanced, very rapid attacks. Its spear and sword are a threat to any light-armored fighter.","Stillwater Cave, Liurnia of the Lakes","['3,300 Runes', 'Winged Sword Insignia', ""Cleanrot Knight's Sword""]",???
17f69d6ca41l0i1umlxg0j36mhrnzr,Borealis The Freezing Fog,https://eldenring.fanapis.com/images/bosses/17f69d6ca41l0i1umlxg0j36mhrnzr.png,Mountaintops of the Giants,"Frost Dragon guarding the frozen lake of Mountaintop of Giants, emits a permanent blizzard.",Mountaintops of the Giants,"['100,000 Runes', 'Dragon Heart']","11,100"
17f698b7d2fl0i1umtkf7cu5a21hdw,Commander Niall,https://eldenring.fanapis.com/images/bosses/17f698b7d2fl0i1umtkf7cu5a21hdw.png,Mountaintop of the Giants,"Commander Niall is a tall and built knight with a peg leg, clad in heavy armor, wielding a halberd that doubles as a battle standard. He is accompanied by two Spectral Banished Knights, one equipped with dual swords and the other equipped with a sword and shield.",Mountaintops of the Giants,"['90000 Runes', ""Veteran's Prosthesis""]","16,000"
17f69562d87l0i1umxu2qwle86ai8q,Commander O'neil,,Caelid,"A large and imposing human commander who wields a halberd that doubles as a battle standard, rousing his spirit minions to battle with unquenchable fervor.",Caelid,"['12,000 Runes', ""Commander's Standard"", 'Unalloyed Gold Needle']","11,400"
17f699b0755l0i1un48m87fngquaw,Crucible Knight Ordovis,https://eldenring.fanapis.com/images/bosses/17f699b0755l0i1un48m87fngquaw.png,Altus Plateau,"Large, heavy and fully armored. With the ability to materialize fiery wings and attack from above. Attacks with the huge power of Ordivis's Greatsword and a Greatshield. Slow, but extremely tough and highly dangerous.",Auriza Hero's Grave,"['28000 Runes', ""Ordovis's Greatsword"", 'Crucible Axe Helm', 'Crucible Axe Armor', 'Crucible Gauntlets', 'Crucible Greaves']",???
17f695b37c1l0i1ungf7vjojqaf4zp,Crystalians,https://eldenring.fanapis.com/images/bosses/17f695b37c1l0i1ungf7vjojqaf4zp.png,Altus Plateau,Crystal energy in the form of a human with devastating power.,"Academy Crystal Cave, Altus Tunnel","['3300 Runes', 'Crystal Release', '1800 Runes', ""Somberstone Miner's Bell Bearing (2)"", '3000 Runes', ""Smithing-Stone Miner's Bell Bearing (1)"", '7000 Runes', 'Crystal Torrent']",???
17f69e151d8l0i1uo19hl8r6l0snmo,Deathbird,https://eldenring.fanapis.com/images/bosses/17f69e151d8l0i1uo19hl8r6l0snmo.png,Limgrave,A bipedal bird with arms and a bird skull for a head and is found in various locations,"Limgrave, Weeping Peninsula, Liurnia of the Lakes","['3,900 Runes', 'Blue-Feathered Branchsword', 'Sacrifical Axe', 'Red-Feathered Branchsword']",2750
17f69bcc1cdl0i1uoai2hm5tcbuhh2,Decaying Ekzykes,https://eldenring.fanapis.com/images/bosses/17f69bcc1cdl0i1uoai2hm5tcbuhh2.png,Caelid,"A pale white dragon — its scales blighted by the same scarlet rot that plagues the region of Caelid. It silently waits along the southern highway, awaiting unsuspecting travelers to fall prey to its deathly onslaught.",Caelid,"['38,000 Runes', 'Dragon Heart']","23,731"
17f6961da46l0i1uoh7hemoben3dtg,Demi-human Chief,https://eldenring.fanapis.com/images/bosses/17f6961da46l0i1uoh7hemoben3dtg.png,Limgrave,"The darkness of Coastal Cave hides a den of those who may look almost human, but are certainly not.",Coastal Cave,"['900 Runes', 'Tailoring Tools', 'Sewing Needle']",???
17f69559137l0i1uoqf3qzndh0901t,Demi-human Queen Maggie,,Mount Gelmir,Sovereign Demi-Human creature roaming the lands of Mt. Gelmir,Mt. Gelmir,"['13000 Runes', 'Memory Stone', 'Golden Rune [1]']",???
17f69518792l0i1up7fr7vzvqcmzf,Divine Bridge Golem,https://eldenring.fanapis.com/images/bosses/17f69518792l0i1up7fr7vzvqcmzf.png,Altus Plateau,Enormously large and lethargic Golem that slowly storms into battle when it becomes aware of your presence.,"Lyendell, Royal Capital",['2992 Runes'],???
17f69b39c43l0i1up7iq7q4lvvgyc,Demi-human Queen Margot,,Mount Gelmir,Sovereign Demi-Human creature concealed within isolated caves.,Mt. Gelmir,"['11,000 Runes', 'Jar Cannon']",???
17f69625d6el0i1upqw478c5kvsjv3,Draconic Tree Sentinel,https://eldenring.fanapis.com/images/bosses/17f69625d6el0i1upqw478c5kvsjv3.png,Altus Plateau,Massive knight clad in golden armor atop a giant horse.,Capital Outskirts Crumbling Farum Azula,"['50,000 Runes', 'Dragon Greatclaw', 'Dragonclaw Shield']","8,398"
17f69de1071l0i1uprrms3umg3rug,Dragonkin Soldier,https://eldenring.fanapis.com/images/bosses/17f69de1071l0i1uprrms3umg3rug.png,Limgrave,"A large, hostile humanoid creature awaken from its drowse straight into battle.","Siofra River, Lake of Rot","['16000 Runes', 'Dragon Halberd']",???
17f69b43b78l0i1upyrupf0wna8q7a,Cemetery Shade,https://eldenring.fanapis.com/images/bosses/17f69b43b78l0i1upyrupf0wna8q7a.png,Caelid,Amorphous and shadowy being belonging to the catacombs,"Tombsward Catacombs, Black Knife Catacombs,Caelid Catacombs, ","['2200 Runes', 'Lhutel the Headless', 'xx Runes', 'Twinsage Sorcerer Ashes', 'Kindred of Rot Ashes']",???
17f69a6fae3l0i1uq63au7m71cs8mh,Crucible Knight,https://eldenring.fanapis.com/images/bosses/17f69a6fae3l0i1uq63au7m71cs8mh.png,Altus Plateau,"A formidable, dexterous fighter skilled in melee combat.","Stormhill Evergaol,, Stormveil Castle,, Auriza Hero's Grave","['2100 Runes', 'Aspects of the Crucible: Tail', '1500 Runes', 'Aspects of the Crucible: Horns']","Stormhill Evergaol:, 2750"
17f699200d2l0i1uqbs9w1ijmp2ner,Dragonkin Soldier Of Nokstella,https://eldenring.fanapis.com/images/bosses/17f699200d2l0i1uqbs9w1ijmp2ner.png,Limgrave,Huge humanoid-like creature located at the underground caves of Uhl Palace Ruins,Ainsel River,"['12000 Runes', 'Frozen Lightning Spear']",≈4372
17f69bf3366l0i1uqds10qc8exqn1ik,Dragonlord Placidusax,https://eldenring.fanapis.com/images/bosses/17f69bf3366l0i1uqds10qc8exqn1ik.png,Mountaintops of the Giants,"A massive in size, two-headed dragon capable of immense acts of annihilation.",Crumbling Farum Azula,"['280000 Runes', 'Remembrance of the Dragonlord']",≈26651
17f699dadfbl0i1uqmgi50oii11eaj,Elden Beast,https://eldenring.fanapis.com/images/bosses/17f699dadfbl0i1uqmgi50oii11eaj.png,Altus Plateau,"It is said that long ago, the Greater Will sent a golden star bearing a beast into the Lands Between, which would later become the Elden Ring.",Elden Throne,"['500000 Runes', 'Elden Remembrance']","26,880 (GOD)"
17f695cb903l0i1uqqf40ik8th6wqw,Elemer Of The Briar,https://eldenring.fanapis.com/images/bosses/17f695cb903l0i1uqqf40ik8th6wqw.png,Altus Plateau,"Wielding the stolen sword from the Marais family, Elemer of the Briar stands at the top of the castle waiting.",The Shaded Castle,"['24,000 Runes', ""Marais Executioner's Sword"", 'Briar Greatshield']",???
17f69579c3dl0i1uqxt6ul73e103ur,"Esgar, Priest Of Blood",https://eldenring.fanapis.com/images/bosses/17f69579c3dl0i1uqxt6ul73e103ur.png,Altus Plateau,A highly aggressive humanoid priest,"Leyndell, Royal Capital","['30000 Runes', ""Lord of Blood's Exultation""]",???
17f6969fb51l0i1ur3o74ppc7h3gl5,Erdtree Avatar,https://eldenring.fanapis.com/images/bosses/17f6969fb51l0i1ur3o74ppc7h3gl5.png,Liunia of the Lakes,A large headless create which resembles a tree stump.,"Minor Erdtree (Weeping Peninsula), Minor Erdtree (Liurnia Southwest), Minor Erdtree (Liurnia Northeast), Minor Erdtree (Caelid), Minor Erdtree (Mountaintops East)","['3,600 Runes', 'Opaline Bubbletear', 'Crimsonburst Crystal Tear', '5,800 Runes', 'Cerulean Crystal Tear', 'Ruptured Crystal Tear', '5,800 Runes', 'Holy-Shrouding Cracked Tear', 'Lightning-Shrouding Cracked Tear', 'Magic-Shrouding Cracked Tear', '9,600 Runes', 'Greenburst Crystal Tear', 'Flame-Shrouding Cracked Tear', '70,000 Runes', 'Cerulean Crystal Tear', 'Crimson Bubbletear']","14,992"
17f69aae933l0i1urbz9zyz3jjvhjf,Fallingstar Beast,https://eldenring.fanapis.com/images/bosses/17f6969fb51l0i1ur3o74ppc7h3gl5.png,Caelid,"A massive quadruped with a long spiky tail and a head reminiscent of a centipede's, with massive mandibles protruding from its face. It behaves much like a bull and appears to have seismic powers, allowing it to control the earth within its chamber.","Sellia Crystal Tunnel, Caelid, Altus Plateau","['7,600 Runes', ""Somberstone Miner's Bell Bearing (1)"", 'Smithing Stone (7) x 5', 'Somber Smithing Stone (6)', 'Gravity Stone Chunk x 4']",≈8000
17f69c5a361l0i1urf5b4r5s5cf125,Fell Twins,https://eldenring.fanapis.com/images/bosses/17f69c5a361l0i1urf5b4r5s5cf125.png,Altus Plateau,Two bulky ogre-like creatures fighting side by side with red-hot armament,Capital Outskirts,"['29,000 Runes', 'Omenkiller Rollo']","15,664"
17f695d42c3l0i1uriibjok1ydfodg,Fia's Champions,https://eldenring.fanapis.com/images/bosses/17f695d42c3l0i1uriibjok1ydfodg.png,Limgrave,Five invaders summoned in an endurance combat in three waves.,Deeproot Depths,"['40000 Runes', ""Fia's Mist""]",???
17f69725115l0i1urx3t47u0gfs43,Flying Dragon Agheel,https://eldenring.fanapis.com/images/bosses/17f69725115l0i1urx3t47u0gfs43.png,Limgrave,A feared-by-most massive dragon located within the Dragon-Burnt Ruins in Limgrave,"Limgrave, Dragon-Burnt Ruins","['5000 Runes', 'Dragon Heart']",≈3200 
17f69ba1aa7l0i1us08w3dodkoeju,Fire Giant,https://eldenring.fanapis.com/images/bosses/17f69ba1aa7l0i1us08w3dodkoeju.png,Mountaintops of the Giants,"Upon realizing the flames of their forge would never die, Queen Marika, marked him with a curse. ""O trifling giant, mayest thou tend thy, flame for eternity.",Mountaintops of the Giants,"['180,000 Runes', 'Remembrance of the Fire Giant']","126,720"
17f69846e66l0i1us1stxjbqloi1z,Flying Dragon Greyll,https://eldenring.fanapis.com/images/bosses/17f69846e66l0i1us1stxjbqloi1z.png,Caelid,"A large grey dragon, Flying Dragon Greyll patrols the bridge breathing fire and flying down on those trying to cross.",Caelid,"['80,000 Runes', 'Dragon Heart']","11,628 Greater Foe"
17f696b2a70l0i1us26mtvbp7p85,Frenzied Duelist,https://eldenring.fanapis.com/images/bosses/17f696b2a70l0i1us26mtvbp7p85.png,Caelid,A humanoid with heavy armor and a massive axe.,Gaol Cave,"['6700 Runes', 'Putrid Corpse Ashes']",≈2200
17f699fafc0l0i1usmk2s2oybvx44a,God-devouring Serpent,https://eldenring.fanapis.com/images/bosses/17f699fafc0l0i1usmk2s2oybvx44a.png,Mount Gelmir,"A massive, menacing reptile that poses a remarkable threat.",Mt. Gelmir,"['See Rykard, Lord of Blasphemy']",≈30439
17f6953dec4l0i1uso41jlanmo9c4v,Glintstone Dragon Smarag,https://eldenring.fanapis.com/images/bosses/17f6953dec4l0i1uso41jlanmo9c4v.png,Liurnia of the Lakes,A fearsome magic dragon with crystalized magic stone for scales. Jealously guards the entrance to the Academy's Crystal Cave.,Liurnia of the Lakes,"['14,699 Runes', 'Dragon Heart']","6,100"
17f695d390el0i1usszzihpctlfb2,Glintstone Dragon Adula,https://eldenring.fanapis.com/images/bosses/17f695d390el0i1usszzihpctlfb2.png,Liurnia of the Lakes,"A powerful and devastating dragon, a menace for all type of fighters.",Liurnia of The Lakes,"['120,000 Runes', ""Adula's Moonblade"", '3x Dragon Heart', 'No Runes']",≈11550
17f69c4aefal0i1usvodp9osviy7v,Godefroy The Grafted,https://eldenring.fanapis.com/images/bosses/17f69c4aefal0i1usvodp9osviy7v.png,Altus Plateau,A member of Godrick the Grafted's family imprisoned by the Dragon Knight during the War of the Shattering.,Golden Lineage Evergaol,"['26,000 Runes (NG)', 'Godfrey Icon']",???
17f696099a7l0i1ut7jqzmbg7hm5tk,Godfrey The Grafted,,Altus Plateau,,Golden Lineage Evergaol,"['26,000 Runes', 'Other Drops', 'Godfrey Icon']",???
17f69a82a2el0i1uta5rxvqv53g7e,"Godfrey, First Elden Lord (hoarah Loux)",https://eldenring.fanapis.com/images/bosses/17f69a82a2el0i1uta5rxvqv53g7e.png,Altus Plateau,I've given thee courtesy enough. Now I fight as Hoarah Loux. Warrior!,"Leyndell, Capital of Ash","['300,000  Runes', 'Remembrance of Hoarah Loux']",≈2200
17f697d2396l0i1utcv9km3qxcnt6m,"Godfrey, First Elden Lord (golden Shade)",https://eldenring.fanapis.com/images/bosses/17f697d2396l0i1utcv9km3qxcnt6m.png,Altus Plateau,"Physical form of Godfrey, First Elden Lord","Leyndell, Royal Capital","['80,000 Runes', 'Talisman Pouch']",≈7099
17f6953f0d5l0i1uthl5j30bc50wdo,Godrick The Grafted,https://eldenring.fanapis.com/images/bosses/17f6953f0d5l0i1uthl5j30bc50wdo.png,Limgrave,"Godrick the Grafted is the ruler of Stormveil Castle, wielding a large golden axe. He has grafted many arms on his body, a symbol of power to all those who might try to depose him.",Stormveil Castle,"[""Godrick's Great Rune, Remembrance of the Grafted""]",6080
17f69c1bc31l0i1utrgxwhdp1csdis,Godskin Apostle,https://eldenring.fanapis.com/images/bosses/17f69c1bc31l0i1utrgxwhdp1csdis.png,Caelid,"The apostles, one said to serve Destined Death, are wielders of the god-slaying black flame. But after their defeat by Maliketh, the Black Blade, the source of their power was sealed away.",Spiritcaller's Cave,"['70k Runes', 'Godskin Swaddling Cloth', 'Black Flame Ritual']",???
17f69c68871l0i1utx4r38kpdj1yil,Godskin Apostle And Godskin Noble,https://eldenring.fanapis.com/images/bosses/17f69c68871l0i1utx4r38kpdj1yil.png,Mountaintops of the Giants,"They are found in their spirit forms, spawned by the opportunist Spirit-Caller Snail.","Spiritcaller Cave, Mountaintops of the Giants","['70,000 Runes', 'Godskin Swaddling Cloth x1', 'Black Flame Ritual x1']",???
17f69e15137l0i1uu7e0w9qynlhveh,Death Rite Bird,https://eldenring.fanapis.com/images/bosses/17f69e15137l0i1uu7e0w9qynlhveh.png,Mountaintops of the Giants,Immense bird skeleton with crow-like features. Rushes to battle from above while wielding a giant spear.,Mountaintops of the Giants,"['77,000 Runes', 'Death Ritual Spear', '18,000 Runes', ""Death' Poker""]",≈2750
17f69b45618l0i1uuc1z6qlw7hnnq,Godskin Apostle,https://eldenring.fanapis.com/images/bosses/17f69b45618l0i1uuc1z6qlw7hnnq.png,Altus Plateau,"The apostles, one said to serve Destined Death, are wielders of the god-slaying black flame. But after their defeat by Maliketh, the Black Blade, the source of their power was sealed away.","Altus Plateau, Caelid","['14,000 Runes', 'Godskin Peeler', 'Scouring Black Flame', '94,000 Runes', 'Godskin Apostle Hood', 'Godskin Apostle Robe', 'Godskin Apostle Bracers', 'Godskin Apostle Trousers', '70,000 Runes', 'Godskin Swaddling Cloth', 'Black Flame Ritual']","≈10,000"
17f69814439l0i1uuifby3b0bn9gs,Godskin Noble,https://eldenring.fanapis.com/images/bosses/17f69814439l0i1uuifby3b0bn9gs.png,Mount Gelmir,The most aggresive of the Godskin.,"Spiritcaller's Cave,Volcano Manor, ","['70,000 Runes', 'Godskin Swaddling Cloth', 'Black Flame Ritual', '50,000 Runes', 'Godskin Stitcher', 'Noble Presence']","≈10,000"
17f69bf253bl0i1uuma3733w2zwodm,Grafted Scion,https://eldenring.fanapis.com/images/bosses/17f69bf253bl0i1uuma3733w2zwodm.png,Liurnia of the Lakes,"An amorphous blob that wields two swords and a shield, and appears to be grafted with multiple arms.",Tutorial Area,"['1176 Runes', '583 runes-currency-elden-ring-wiki-guide-18 Runes', '3200 Runes', '1283 Runes', 'Larval Tear', '2313 runes-currency-elden-ring-wiki-guide-18 Runes', '12800 Runes (NG+1)', 'Ornamental Straight Sword', 'Golden Beast Crest Shield']",???
17f695140e9l0i1uuu2pjzqqsbskl,Great Wyrm Theodorix,https://eldenring.fanapis.com/images/bosses/17f695140e9l0i1uuu2pjzqqsbskl.png,Mountaintops of the Giants,A dragon wyrm with immense power.,North of Albinauric Rise in Mountaintops of the Giants,"['180,000 Runes', 'Dragon Heart x3']","≈35,000"
17f695022a1l0i1uv9aohy5ip9yh9f,"Hoarah Loux, Warrior",https://eldenring.fanapis.com/images/bosses/17f695022a1l0i1uv9aohy5ip9yh9f.png,Altus Plateau,Chieftain of the Badland Warriors.,"Leyndell, Ashen Capital.","['300000 Runes', 'Remembrance of Hoarah Loux']",???
17f69a5abc3l0i1uvfn18gmmqaf8jvj,Kindred Of Rot,https://eldenring.fanapis.com/images/bosses/17f69a5abc3l0i1uvfn18gmmqaf8jvj.png,Mount Gelmir,"Large, prawn-like creatures skilled at melee combat. Its Pest's Glaive poses a menace when wielded by these agile beings.",Mt. Gelmir,"['10000 Runes', ""Kindred of Rot's Exultation""]",≈4000
17f69cbe6cbl0i1uvgek1x2hoimz99,Guardian Golem,https://eldenring.fanapis.com/images/bosses/17f69cbe6cbl0i1uvgek1x2hoimz99.png,Limgrave,"The Guardian Golem, magical constructs that has been cut and chiseled from stone. It is the sole guardian of the Highroad Cave who holds a precious item.",Highroad Cave,"['1700 Runes', 'Blue Dancer Charm']",???
17f698b6791l0i1uvgjwlxwarfpe7a,Godskin Duo,https://eldenring.fanapis.com/images/bosses/17f698b6791l0i1uvgjwlxwarfpe7a.png,Altus Plateau,"A complementing pair of creatures extremely well versed in dual-battling. These beings achieve an exceptionally balance in combat, resulting in a devastating synergy.",Crumbling Farum Azula,"['170000 Runes', ""Smithing-Stone Miner's Bell Bearing [4]"", 'Ash of War: Black Flame Tornado']","≈24,000"
17f69b5bcb4l0i1uvn888e99evsdgh,Kindred Of Rot,https://eldenring.fanapis.com/images/bosses/17f69a5abc3l0i1uvfn18gmmqaf8jvj.png,Mount Gelmir,"Large, prawn-like creatures skilled at melee combat. Its Pest's Glaive poses a menace when wielded by these agile beings.",Seethewater Cave,"['10000 Runes', ""Kindred of Rot's Exultation""]",≈4000
17f69644c82l0i1uw7sqlk2v4b6bfg,Leonine Misbegotten,https://eldenring.fanapis.com/images/bosses/17f69644c82l0i1uw7sqlk2v4b6bfg.png,Weeping Peninsula,"Aggressive and feral, the Misbegotten sees nothing but rage","Castle Morne, Weeping Peninsula","['3800 Runes', 'Grafted Blade Greatsword']","14,272"
17f699223e7l0i1uwcol7wflmcgajb,Lichdragon Fortissax,https://eldenring.fanapis.com/images/bosses/17f699223e7l0i1uwcol7wflmcgajb.png,Limgrave,Massive four winged black dragon with the ability to wield lightning.,Deeproot Depths,"['90000 Runes', 'Remembrance of the Lichdragon']",≈2200
17f69a078e0l0i1uwdp4xqjq6cpbxl,Mad Pumpkin Head,https://eldenring.fanapis.com/images/bosses/17f69a078e0l0i1uwdp4xqjq6cpbxl.png,Limgrave,A huge ogre-looking creature that has a large pumpkin helmet worn on its head. It wields a massive flail and seems to be guarding something or someone against intruders.,"Waypoint Ruins, Limgrave, Caelem Ruins, Caelid",['6300 Runes'],"≈10,500"
17f69bfa759l0i1uwfa0yrdvzcov1i,Magma Wyrm,https://eldenring.fanapis.com/images/bosses/17f69bfa759l0i1uwfa0yrdvzcov1i.png,Caelid,"A large lesser dragon with bronze-colored scales covering its body. Magma Wyrms inhabit deep cave systems and volcanos, thriving within lava-flooded environments. ",Gael Tunnel,"['7500 Runes', 'Dragon Heart', 'Moonveil']",7000
17f696318a4l0i1uwi4cr4u43opdj5,Lion Guardian,https://eldenring.fanapis.com/images/bosses/17f696318a4l0i1uwi4cr4u43opdj5.png,Limgrave,The Lion Guardian of Stormveil has been coerced into service by cruel means,Stormveil Castle,['2350'],≈2350
17f69a48308l0i1ux3rigvv37tx84f,"Malenia, Blade Of Miquella",https://eldenring.fanapis.com/images/bosses/17f69a48308l0i1ux3rigvv37tx84f.png,Consecrated Snowfield,...Heed my words. I am Malenia. Blade of Miquella. And I have never known defeat.,"Elphael, Brace of the Haligtree","[""Malenia's Great Rune"", 'Remembrance of the Rot Goddess', '480,000 Runes']","≈26,128"
17f69dbf58cl0i1ux7vft8wsk6ejbb,"Maliketh, The Black Blade",https://eldenring.fanapis.com/images/bosses/17f69dbf58cl0i1ux7vft8wsk6ejbb.png,Altus Plateau,"O, Death. Become my blade once more.",Crumbling Farum Azula,"['220,000 Runes', 'Other Drops', 'Remembrance of the Black Blade']",≈10620
17f699a40dfl0i1ux9v66kv7dyxcqx,Miranda The Blighted Bloom,https://eldenring.fanapis.com/images/bosses/17f699a40dfl0i1ux9v66kv7dyxcqx.png,Weeping Peninsula,A giant poison flower that is deadlier than it looks.,"Weeping Peninsula: Tombsward Cave, Altus Plains: Perfumer's Grotto","['2100 Runes', 'Viridian Amber Medallion', '8500 Runes', 'Great Omenkiller Cleaver']",???
17f69e11c75l0i1uxa6gb2wpb12ipb,Mimic Tear,https://eldenring.fanapis.com/images/bosses/17f69e11c75l0i1uxa6gb2wpb12ipb.png,Limgrave,"An eccentric being capable of taking a comprehensive shape of its adversary, ranging from body features to armament.","Nokron, Eternal City","['10000 Runes', 'Larval Tear x2', 'Silver Tear Mask']","≈19,536"
17f698a5648l0i1uxs5sk4eq7dy3vh,Misbegotten Crusader,,Mountaintops of the Giants,The Lord of Frenzied Flame.,Cave of the Forlorn in Mountaintops of the Giants,"['93000 Runes', 'Golden Order Greatsword']",≈2200
17f697f4363l0i1uy2tk9e7g2jqcu,"Mohg, Lord Of Blood",https://eldenring.fanapis.com/images/bosses/17f697f4363l0i1uy2tk9e7g2jqcu.png,Limgrave,"Welcome, honored guest. To the birthplace of our Dynasty!",Mohgwyn Palace,"['420,000 Runes', ""Mohg's Great Rune"", 'Remembrance of the Blood Lord']","≈38,848"
17f69a3b2f2l0i1uy2usy0fea155ms,"Mohg, The Omen",https://eldenring.fanapis.com/images/bosses/17f697f4363l0i1uy2tk9e7g2jqcu.png,Altus Plateau,The Lord of Frenzied Flame,Subterranean Shunning-Grounds,"['100,000 Runes', 'Bloodflame Talons']",???
17f69d3101al0i1uyefex03ulrqazi,Magma Wyrm Makar,https://eldenring.fanapis.com/images/bosses/17f69d3101al0i1uyefex03ulrqazi.png,Altus Plateau,Aggressive Fire Wyrm guarding the entrance to Altus Plains from any who attempt to bypass the lift,Ruin-Strewn Precipice,"['24000 Runes', ""Magma Wyrm's Scalesword"", '72000 Runes', 'Dragon Heart']",≈2200
17f69d237f0l0i1uytr06ed4gz92qdj,Necromancer Garris,https://eldenring.fanapis.com/images/bosses/17f69d237f0l0i1uytr06ed4gz92qdj.png,Altus Plateau,A humanoid necromancer draped in a red cloth. Efficient in the death sorceries.,"Sage's Cave, Altus Plateau","['0 Runes', 'Family Heads']",Field Boss
17f6963b02cl0i1uyzthmeyyq45wna,Nox Swordstress & Nox Priest,https://eldenring.fanapis.com/images/bosses/17f6963b02cl0i1uyzthmeyyq45wna.png,Caelid,"A duo of warriors comprised of the female Swordstress, who uses a sword with a whip-like function to attack at medium range and a male Priest who uses spells from afar.","Sellia, Town of Sorcery, Caelid","['6,400 Runes', 'Nox Flowing Sword']",???
17f69a6c3fcl0i1uyzw7a7ssn0qlpp,Night's Cavalry,https://eldenring.fanapis.com/images/bosses/17f69a6c3fcl0i1uyzw7a7ssn0qlpp.png,Limgrave,"Imposing knight figure atop a dark steed, wielding a large flail or halberd.",Many,"['2400 Runes', 'Ash of War: Repeating Thrust', '3400 Runes', 'Ash of War: Barricade Shield', '5600 Runes', 'Ash of War: Ice Spear', '8500 Runes', 'Ash of War: Poison Moth Flight', '10000 Runes', 'Ash of War: Phantom Slash', '36000 Runes', 'Ash of War: Phantom Slash', '42000 Runes', ""Ash of War:Bloodhound's Step"", '84000 Runes', ""Night's Calvary Set""]",≈2200
17f69a1be26l0i1uz1kl2dyuibof4d,Omenkiller,https://eldenring.fanapis.com/images/bosses/17f69a1be26l0i1uz1kl2dyuibof4d.png,Liurnia of the Lakes,An omninous figure wielding two serrated swords.,"Village of the Albinaurics, Volcano Manor, Perfumer's Grotto","['4900 Runes', 'Crucible Knot Talisman', '8400 Runes', 'Great Omenkiller Cleaver', 'Great Omenkiller Cleaver']",≈2200
17f69a36cf8l0i1uz6gmzy0dr777k,Onyx Lord,https://eldenring.fanapis.com/images/bosses/17f69a36cf8l0i1uz6gmzy0dr777k.png,Liurnia of the Lakes,"The Onyx Lords, who had skin of stone, were called lords in reverential fear of their destructive power.","Sealed Tunnel, Royal Grave Evergaol","['16000 Runes', ""Onyx Lord's Greatsword""]",???
17f699438b8l0i1uze1493a9h5ipk3,Perfumer Tricia,https://eldenring.fanapis.com/images/bosses/17f699438b8l0i1uze1493a9h5ipk3.png,Mount Gelmir,"A long range spellcaster complemented by an armored, short-distance warrior.","Unsightly Catacombs, Mt. Gelmir","['9400 Runes', 'Other Drops']",≈1024
17f699ad704l0i1uzmqfup4jxyto7,Putrid Grave Warden Duelist,https://eldenring.fanapis.com/images/bosses/17f699ad704l0i1uzmqfup4jxyto7.png,Consecrated Snowfield,"Grave Wardens protect the secrets of the ancients, but the corruption of the land has affected them too","Consecrated Snowfield Catacombs, Consecrated Snowfield.","['78,000 Runes', 'Great Grave Glovewort', 'Rotten Gravekeeper Cloak']",≈2200
17f697e343bl0i1uznxx67p026exqf,Pumpkin Head,https://eldenring.fanapis.com/images/bosses/17f697e343bl0i1uznxx67p026exqf.png,Weeping Peninsula,The breaking disrupted the flora and fauna of the region. Some took a rather intense liking to the larger plants that emerged,"Castle Morne, Weeping Peninsula","['291 Runes', 'Pumpkin Helm', 'Sanctuary Stone']",
17f69cfaee3l0i1uzongoyxg1dptid,Putrid Tree Spirit,https://eldenring.fanapis.com/images/bosses/17f69cfaee3l0i1uzongoyxg1dptid.png,Caelid,A blood-rotted tree that has found life despite the death that consumes it.,War-Dead Catacombs,"['67,200 Runes ', 'Redmane Knight Ogha Spirit Ashes', 'Golden Seed']",≈18091
17f69bc8bd6l0i1v03619u4s9j9ql,Radagon Of The Golden Order,https://eldenring.fanapis.com/images/bosses/17f69bc8bd6l0i1v03619u4s9j9ql.png,Altus Plateau,"Lord Radagon was a great champion, possessed of flowing red locks. He came to these lands at the head of a great golden host, when he met Lady Rennala in battle. He soon repented his territorial transgressions though, and became husband to the Carian Queen. However. When Godfrey, first Elden Lord, was hounded from the Lands Between, Radagon left Rennala to return to the Erdtree Capital, becoming Queen Marika's second husband and King Consort. Taking the title... of second Elden Lord.",Elden Throne,['N/A'],≈13339
17f6992c3e3l0i1v0af3d14p4dcgzx,Red Wolf Of Radagon,https://eldenring.fanapis.com/images/bosses/17f6992c3e3l0i1v0af3d14p4dcgzx.png,Liurnia of the Lakes,"Fierce guardian and protector of its master, even when it has long left.","Raya Lucaria Academy, Liurnia of the Lakes","['14000 Runes', 'Memory Stone']",≈2204
17f69cf967fl0i1v0cmt73nix34p0c,Red Wolf Of The Champion,https://eldenring.fanapis.com/images/bosses/17f69cf967fl0i1v0cmt73nix34p0c.png,Mount Gelmir,A ferocious red wolf with large fangs and blistering speed.,Gelmir Hero's Grave,"['21000 Runes', 'Bloodhound Knight Floh']",≈3238
17f69ae5092l0i1v0k714w3s2jz8tj,Regal Ancestor Spirit,https://eldenring.fanapis.com/images/bosses/17f69ae5092l0i1v0k714w3s2jz8tj.png,Limgrave,"A spirit glowing in pale blue light, suspended in the air and taking the shape of a huge deer.","Nokron, Eternal City","['24000 Runes', 'Remembrance of the Regal Ancestor']",≈6301
17f69b19e80l0i1v0x2eima4yhdbd,Royal Knight Loretta,https://eldenring.fanapis.com/images/bosses/17f69b19e80l0i1v0x2eima4yhdbd.png,Liurnia of the Lakes,The eternal guardian of Caria Manor fervently defends her domain atop the Royal Moongazing Grounds. Loretta uses her greatbow to rain destruction on all who would dare approach the estate grounds.,Caria Manor,"['10,000 Runes', ""Loretta's Greatbow"", ""Ash of War: Loretta's Slash""]",≈4214
17f69de0562l0i1v105zzs817wea9m,Royal Revenant,https://eldenring.fanapis.com/images/bosses/17f69de0562l0i1v105zzs817wea9m.png,Liurnia of the Lakes,"An obscene and disturbing abomination, blend of a spider-like creature and human limbs resulting in a quite resourceful fighter at close range.","Kingsrealm Ruins, Liurnia of the Lakes","['3,100 Runes']",≈2200
17f699179aal0i1v13n497m1yhps2s,Runebear,https://eldenring.fanapis.com/images/bosses/17f699179aal0i1v13n497m1yhps2s.png,Weeping Peninsula,"Ferocious, robust creature that's huge in size and remarkably agressive.","Earthbore Cave, Weeping Peninsula","['2600 Runes', 'Spelldrake Talisman']",???
17f696d979al0i1v1775oof02bi8oh,"Rykard, Lord Of Blasphemy",https://eldenring.fanapis.com/images/bosses/17f696d979al0i1v1775oof02bi8oh.png,Mount Gelmir,"Join the Serpent King, as family... Together, we will devour the very gods!",Mt. Gelmir,"['130,000 Runes', ""Rykard's Great Rune"", 'Remembrance of the Blasphemous']",1000000
17f698d3cc6l0i1v18wptud2du5ts,Scaly Misbegotten,https://eldenring.fanapis.com/images/bosses/17f698d3cc6l0i1v18wptud2du5ts.png,Weeping Peninsula,A troll like scavenger with an insatiable taste for blood.,Morne Tunnel,"['2000 Runes', 'Rusted Anchor']",≈2200
17f69ca8b2al0i1v1pg987jdl4cd68,"Sir Gideon Ofnir, The All-knowing",https://eldenring.fanapis.com/images/bosses/17f69ca8b2al0i1v1pg987jdl4cd68.png,Altus Plateau,"Sir Gideon Ofnir, now far from the books and immersed in battle.","Leyndell, Capital of Ash","['180,000 Runes', 'All-Knowing Helm', 'All-Knowing Armor', 'All-Knowing Gauntlets', 'All-Knowing Greaves', 'Scepter of the All-Knowing']",≈6226
17f6982dbf7l0i1v1r3i4p5cy7kvcs,Soldier Of Godrick,https://eldenring.fanapis.com/images/bosses/17f6982dbf7l0i1v1r3i4p5cy7kvcs.png,Limgrave,"An esteemed high rank soldier, who wields a massive sword and wears his armor proudly.",Stranded Graveyard,"['400 Runes', '2000 Runes (NG+1)']","≈10,464"
17f6987c932l0i1v1t55h6j6fm1l83,Spirit-caller Snail,https://eldenring.fanapis.com/images/bosses/17f6987c932l0i1v1t55h6j6fm1l83.png,Liurnia of the Lakes,The ultimate Spiritcaller.,Road's End CatacombsSpiritcaller's Cave,"['3000 Runes', 'Glintstone Sorcerer Ashes ', '170000 Runes', ""Smithing-Stone Miner's Bell Bearing [4]"", 'Ash of War: Black Flame Tornado']",≈2200
17f69dc74fdl0i1v1wz3qrzn19aps8,Starscourge Radahn,https://eldenring.fanapis.com/images/bosses/17f69dc74fdl0i1v1wz3qrzn19aps8.png,Caelid,"General Radahn is cursed ever to wander. Eaten from the inside, by Malenia's scarlet rot, his Wits are long gone. Now he gathers the corpses of former friends and foes alike, gorging on them, like a dog.",Caelid,"['70,000 Runes', ""Remembrance of the Starscourge, Radahn's Great Rune""]","≈25,856"
17f6968dcfal0i1v1y8dnaop27j5qg,Tibia Mariner,https://eldenring.fanapis.com/images/bosses/17f6968dcfal0i1v1y8dnaop27j5qg.png,Liurnia of the Lakes,"Tibia Mariner is a spectral sailor capable of calling forth the aid of undead Skeleton creatures and is mainly found at northeast Summonwater Village in Limgrave, near the limits with Caelir. This is an optional boss as players must not defeat it in order to advance to the Legacy Dungeon.","Summonwater Village, Liurnia of The Lakes, Wyndham Ruins","['2400 Runes', 'Deathroot', 'Skeletal Militiaman Ashes', '4700 Runes', 'Deathroot', 'Skeletal Bandit Ashes', 'Deathroot', ""Tibia's Summons""]",≈2750
17f69621aadl0i1v2f5fkvee5z6719,Ulcerated Tree Spirit,https://eldenring.fanapis.com/images/bosses/17f69621aadl0i1v2f5fkvee5z6719.png,Mount Gelmir,A corrupted and deformed tree that lurks in Mt. Gelmir.,Mt. Gelmir,"['18,000 Runes', 'Leaden Hardtear', 'Cerulean Hidden Tear']","≈17,428"
17f697500cal0i1v2hh14qewvbrwrn,Valiant Gargoyle,https://eldenring.fanapis.com/images/bosses/17f697500cal0i1v2hh14qewvbrwrn.png,Limgrave,"Just like the wielder, the missing parts have been mended with corpse wax; a patchwork of champions.",Siofra Aqueduct,"['30000 Runes', '32000 Runes', ""Gargoyle's Greatsword"", ""Gargoyle's Twinblade""]","≈9,120"
17f696a35c3l0i1v2k2s30hlu2y50j,Wormface,https://eldenring.fanapis.com/images/bosses/17f697500cal0i1v2hh14qewvbrwrn.png,Altus Plateau,A ghastly blood rotted tree with the face of a hundred worms.,Minor Erdtree (Altus Plateau),"['10000 Runes', 'Crimsonspill Crystal Tear', 'Speckled Hardtear']",???
17f6992d42bl0i1v2mmti9t0qkl5yj,Tree Sentinel,https://eldenring.fanapis.com/images/bosses/17f6992d42bl0i1v2mmti9t0qkl5yj.png,Limgrave,The heavily armored and highly decorated sentinel protects the tree. Who would dare oppose him?,Limgrave road,"['3200 Runes', '16000 Runes (NG+1)', 'Golden Halberd', 'Erdtree Greatshield', ""Hero's Rune [1]""]",≈1954
