id,name,image,description,location,drops
17f6a3ceea8l0i6yrr9i9li6sityc,Arcane Sphere Of Faces,https://eldenring.fanapis.com/images/creatures/17f6a3ceea8l0i6yrr9i9li6sityc.png,Safeguard of the Witchbane Ruins' basement cellar. Mysteriously rare and highly unconventional.,Witchbane Ruins,['None']
17f6a0bda2cl0i6yrtkvf0vjp9puf,Giant Bat,https://eldenring.fanapis.com/images/creatures/17f6a0bda2cl0i6yrtkvf0vjp9puf.png,"The Giant Bats of Limgrave are nocturnal creatures and often rest during the day, unless they are disturbed.",Near the cliffs on Western Limgrave.,['Gold Firefly']
17f6a4a6036l0i6yrvd9spb0xhw8tg,Lesser Runebear,https://eldenring.fanapis.com/images/creatures/17f6a4a6036l0i6yrvd9spb0xhw8tg.png,"Feral, often massive bears with runic patterns on their chest. Most commonly found scavenging the realms of The Lands Between or fighting other wild creatures.","Eastern Limgrave, Weeping Peninsula","['Hefty Beast Bone', '16 Runes']"
17f6a47bf80l0i6ys0d6zu6xbqlwu2,Abnormal Stone Cluster,https://eldenring.fanapis.com/images/creatures/17f6a47bf80l0i6ys0d6zu6xbqlwu2.png,Bizarre catterpillar-shaped beings formed of moss-covered spherical stones and a disturbing eye that looks like that of a human being. They are commonly found as dull groups of seemingly lifeless rocks.,Evergaol Structures,"['Ruin Fragments', '', '39 Runes']"
17f6a58d8d2l0i6ys2scc9vx91u6pp,Basilisk,https://eldenring.fanapis.com/images/creatures/17f6a58d8d2l0i6ys2scc9vx91u6pp.png,???,"Ainsel River, Lake of Rot",['611 Runes']
17f6a170239l0i6ysg3xam4t0zopmn,Bladed Talon Eagle,https://eldenring.fanapis.com/images/creatures/17f6a170239l0i6ysg3xam4t0zopmn.png,"The servants of Stormveil come in many shapes, including Eagles that have been enslaved and fitted with blades. Driving them to attack those who approach",Stormveil Castle,"['98 Runes', ""Warhawk's Talon"", 'Flight Pinion']"
17f69f92eebl0i6yshu9cbf402o9dp,Boar,https://eldenring.fanapis.com/images/creatures/17f69f92eebl0i6yshu9cbf402o9dp.png,"The Boars of Limgrave are less aggressive than normal, but should not be assumed to be passive",in Forests of Limgrave and Stormhill,"['Thin Animal Bones', 'Lump of Flesh']"
17f69f7b6e7l0i6ysj8mlloa8u65n9,Burning Slug,https://eldenring.fanapis.com/images/creatures/17f69f7b6e7l0i6ysj8mlloa8u65n9.png,Burning Slugs move slowly and are located in the open field.,Liurnia of The Lakes,['Smoldering Butterfly']
17f69ee8f6el0i6ysmpe59c9uqwri4,Crab,https://eldenring.fanapis.com/images/creatures/17f69ee8f6el0i6ysmpe59c9uqwri4.png,Crabs thrive in the shallow ponds of Agheel Lake and the shores of Limgrave,Roaming the beaches of Western Limgrave.,"['Crab Eggs', 'Strip of White Flesh']"
17f69f11a62l0i6yswxrtoktawxqv,Construct,https://eldenring.fanapis.com/images/creatures/17f69f11a62l0i6yswxrtoktawxqv.png,An Enemy made by Enemies,Sealed Tunnel,['-']
17f69edd929l0i6yt0z56hlzhtjwzu,Deer,https://eldenring.fanapis.com/images/creatures/17f69edd929l0i6yt0z56hlzhtjwzu.png,"Deer roam freely in the plains on Limgrave, now that hunters have all but disappeared","West Limgrave, South West Liurnia of The Lakes","['Thin Animal Bones', 'Sliver of Meat', 'Beast Liver', '6 Runes']"
17f69dccb97l0i6yt6w0ys92ic7km6p,Dog,https://eldenring.fanapis.com/images/creatures/17f69dccb97l0i6yt6w0ys92ic7km6p.png,"Roaming through the fields of Limgrave, wild Dogs should not be assumed to be docile nor dull.",in Dragon-Burnt Ruins,"['Thin Animal Bones', 'Lump of Flesh', '52 Runes']"
17f69eb0a50l0i6yt8vwaeqz4djpgo,Giant Dragonfly,https://eldenring.fanapis.com/images/creatures/17f69eb0a50l0i6yt8vwaeqz4djpgo.png,The Great Dragonflies of Limgrave buzz and harass all creatures in their vicinity,"Agheel Lake, Limgrave","['Great Dragonfly Head', '5 Runes']"
17f69d1f23cl0i6ytdsizgpbatwgb,Direwolf,https://eldenring.fanapis.com/images/creatures/17f69d1f23cl0i6ytdsizgpbatwgb.png,"Found alone or in small packs, these bloodthirsty beasts stalk the Lands Between with predatory fervor.","Caria Manor, Liurnia of the Lakes",['371 Runes']
17f69df2d3cl0i6ytiz05kga4oygzh,Eagle,https://eldenring.fanapis.com/images/creatures/17f69df2d3cl0i6ytiz05kga4oygzh.png,"Majestic Eagles can be spotted among the cliffs, even during these times.",Limgrave / Stormhill,"['Flight Pinion', 'Slumbering Egg']"
17f69d72c7bl0i6ytp7vgblxte06s,Giant Crab,https://eldenring.fanapis.com/images/creatures/17f69d72c7bl0i6ytp7vgblxte06s.png,"Giant Crabs crowd the shores and shallows, attacking any who approach by swinging their powerful claws and spewing forth high-pressure water.",in the watery areas of Agheel Lake and the beaches of Western Limgrave,"['318 Runes', 'Crab Eggs', 'Strip of White Flesh']"
17f6a2f96a7l0i6ytu14rxjb7bw7x9,Giant Land Octopus,https://eldenring.fanapis.com/images/creatures/17f6a2f96a7l0i6ytu14rxjb7bw7x9.png,Giant Land Octopuses are a dangerous foe for any daring to visit the beaches of Limgrave.,Commonly found in watery areas,"['Land Octopus Ovary', 'Strip of White Flesh', '187~336 Runes']"
17f69d7f00al0i6ytxittgv1hoa7vg,Giant Lobster,https://eldenring.fanapis.com/images/creatures/17f69d7f00al0i6ytxittgv1hoa7vg.png,"The Lands Between are rife with all manner of life forms, naturally evolving over long periods and adapting to the environment. One such creature is the Giant Lobster — a creature that evolved to grow to such enormous sizes in order to better defend itself against much deadlier threats.",Liurnia of the Lakes,"['Strip of White Flesh', '', 'Crab Eggs']"
17f6a0191adl0i6yu0apvoxijwr9gh,Giant Poison Flower,https://eldenring.fanapis.com/images/creatures/17f6a0191adl0i6yu0apvoxijwr9gh.png,"Giant Poison Flowers sprout in unlikely places, and summon down the elements on those who approach them",within Post Town Remains in Limgrave.,['256 Runes']
17f6a48e789l0i6yu31h78fyzf033f,Giant Rat,https://eldenring.fanapis.com/images/creatures/17f6a48e789l0i6yu31h78fyzf033f.png,???,"Limgrave, Weeping Peninsula, Altus Plateau","['Golden Rune [3]', 'Giant Rat Ashes']"
17f6a376603l0i6yuaiwj16jsztf7e,Guillemot,https://eldenring.fanapis.com/images/creatures/17f6a376603l0i6yuaiwj16jsztf7e.png,"The Guillemot on the beaches of Limgrave are docile animals, but they are easily spooked",Roaming the beaches of Western Limgrave.,"['Flight Pinion', 'Four-Toed Fowl Foot', '6 Runes']"
17f6a359878l0i6yufgzh9jcns3vb,Lesser Runebear,https://eldenring.fanapis.com/images/creatures/17f6a359878l0i6yufgzh9jcns3vb.png,"Feral, often massive bears with runic patterns on their chest. Most commonly found scavenging the realms of The Lands Between or fighting other wild creatures.","Eastern Limgrave, Weeping Peninsula","['Hefty Beast Bone', '16 Runes']"
17f6a5acdf4l0i6yuhp3y4ou046hc3,Lesser Red Wolf Of Radagon,https://eldenring.fanapis.com/images/creatures/17f6a5acdf4l0i6yuhp3y4ou046hc3.png,"Hostile, over-sized wolves majestically covered in scarlet fur.",Liurnia of The Lakes,['4158 Runes']
17f6a53e49dl0i6yunvzzo7rq8l7cb,Lesser Spider Hand,,"Lesser Spider Hands are horrific creatures, surpassed only by their more powerful, gigantic counterparts.","Caria Manor, Liurnia of the Lakes, Mountaintops of the Giants",['???']
17f6a3d0ac1l0i6yut1mv1q5riwtbe,Land Octopus,https://eldenring.fanapis.com/images/creatures/17f6a3d0ac1l0i6yut1mv1q5riwtbe.png,The peculiar Land Octopus is a rather small but dangerous creature,In the watery areas of Agheel Lake and the beaches of Western Limgrave,"['12~13 Runes', 'Sometimes: Land Octopus Ovary']"
17f6a4b452bl0i6yuv2ywajxgixbnd,Owl,https://eldenring.fanapis.com/images/creatures/17f6a4b452bl0i6yuv2ywajxgixbnd.png,"Owls can be resting on the cliffs of Stormhill, and would even seem friendly and unconcerned by those passing by",perched on cliffs around Limgrave and Stormhill,['Moon Egg']
17f6a070695l0i6yv1st2tyq59xlk,Poison Flower,https://eldenring.fanapis.com/images/creatures/17f6a070695l0i6yv1st2tyq59xlk.png,Poison Flowers grow near caves and cellars in Limgrave,within Waypoint Ruins in Limgrave.,"['14 Runes', 'Poisonbloom']"
17f6a4415dcl0i6yv78pnx35hqq3u8,Land Squirt,https://eldenring.fanapis.com/images/creatures/17f6a4415dcl0i6yv78pnx35hqq3u8.png,Land Squirts are repulsive shallow water creatures that emit a poison mist to kill and devour those nearby,"Dragon-Burnt Ruins, Shores of Limgrave",['13 Runes']
17f6a55a3a8l0i6yvd9wioasyfq39c,Rat,https://eldenring.fanapis.com/images/creatures/17f6a55a3a8l0i6yvd9wioasyfq39c.png,"Giant rats plague the mines and caves of Limgrave, spreading diseases where they go","Limgrave Tunnels, Ailing Village, Tombsward Cave","[""Pauper's Rune"", 'Rune Arc', 'Golden Rune (1)', '13 Runes']"
17f6a26dde8l0i6yvhv0sfaca0cp78l,Rabbitgaroo,https://eldenring.fanapis.com/images/creatures/17f6a26dde8l0i6yvhv0sfaca0cp78l.png,"A species unique to The Lands Between, as adorable as scared.","Limgrave, South West Liurnia of the Lakes, ","['Thin Animal Bones', 'Sliver of Meat']"
17f69cf16d9l0i6yvjvc9in38ydv3c,Rotten Stray,https://eldenring.fanapis.com/images/creatures/17f69cf16d9l0i6yvjvc9in38ydv3c.png,"Undead dogs haunt the depths of Limgrave's mines, attacking all those who dwell into the tunnels",Limgrave Tunnels,"['Thin Beast Bones', '52~55 Runes']"
17f6a05a586l0i6yvqntjzd6hpa4jl,Sheep,https://eldenring.fanapis.com/images/creatures/17f6a05a586l0i6yvqntjzd6hpa4jl.png,"The sheep from Limgrave have long forgotten captivity, romaing the landscape freely instead.",in the pastures of Limgrave and Stormhill,"['Thin Beast Bones', 'Sliver of Meat', 'Beast Liver', '6 Runes']"
17f69dc762dl0i6yvxw3r8a3zemfvb,Skeletal Slime,https://eldenring.fanapis.com/images/creatures/17f69dc762dl0i6yvxw3r8a3zemfvb.png,"Skeletal slime drudges the shores and shallows of Limgrave, looking for prey to consume",in the watery areas of Agheel Lake and the beaches of Western Limgrave,"['Glass Shard', '16~18 Runes']"
17f6a367a0el0i6yw7fx9h19jrzggp,Spirit Jellyfish,https://eldenring.fanapis.com/images/creatures/17f6a367a0el0i6yw7fx9h19jrzggp.png,"Spirit Jellyfish are passive creatures seeking to protect, unless angered","Cemetery, west of Stormhill",['16 Runes']
17f6a0bd238l0i6yw9dgiguttijn5,Teardrop Scarab,https://eldenring.fanapis.com/images/creatures/17f6a0bd238l0i6yw9dgiguttijn5.png,There are both Crimson and Cerulean Teardrop Scarabs. Defeat them to replenish the flasks that match their type.,,
17f69e78bd0l0i6ywdt9vwdes5tt4b,Spider Hand,https://eldenring.fanapis.com/images/creatures/17f69e78bd0l0i6ywdt9vwdes5tt4b.png,"Spider Hands skitter about their environs, often clinging to walls to put the drop on unsuspecting trespassers. They are also capable of burrowing deep beneath the earth, violently bursting out of the ground to grab and crush their prey.","Caria Manor, Liurnia of the Lakes, Mountaintops of the Giants","['Somber Smithing Stone (2), Somber Smithing Stone (7)']"
17f6a23208cl0i6ywofpwtfyw4q8jl,Wild Mouflon,https://eldenring.fanapis.com/images/creatures/17f6a23208cl0i6ywofpwtfyw4q8jl.png,Wild Mouflons become hostile when threatened and fight their aggressors by charging forward and striking them with their large horns.,Stormhill,['None']
17f69f93e2cl0i6ywpl2tdr0v79vp8,Turtle,https://eldenring.fanapis.com/images/creatures/17f69f93e2cl0i6ywpl2tdr0v79vp8.png,"Turtles are passive creatures almost driven to extinction by those seeking its meat, said to have curative properties",West Limgrave,"['Turtle Neck Meat', '5 Runes']"
17f6a353752l0i6ywvuiyio67jzpbh,Wolf,https://eldenring.fanapis.com/images/creatures/17f6a353752l0i6ywvuiyio67jzpbh.png,"Wolves hunt the Lands Between in packs, and all those traveling should beware of their dangerous pack leaders","Limgrave, Groveside Cave","['Thin Animal Bones', 'Lump of Flesh', '66 Runes']"
17f69fd0dd7l0i6yx1o187uqkxkf08,Prawn Miner,https://eldenring.fanapis.com/images/creatures/17f69fd0dd7l0i6yx1o187uqkxkf08.png,Hostile over-developed creatures resembling large shrimps. Remarkably agile.,"Sellia Crystal Tunnel, Caelid Waypoint Ruins",['612 Runes']
17f69eb5eefl0i6yx32k657x6so7zf,Farum Azula Dragon,https://eldenring.fanapis.com/images/creatures/17f69eb5eefl0i6yx32k657x6so7zf.png,"Farum Azula Dragons fly around the Farum Azula or what's left of it, if any of them notice someone roaming around, they will come to hunt the down. They have the power of thunder and they will use it aggresively towards enemies.",Crumbling Farum Azula,"['Ancient Dragon Smithing Stone', '', '32,400 Runes']"
17f6a4720aal0i6yxmkks4qfttp3b8,Bloody Finger Nerijus,https://eldenring.fanapis.com/images/creatures/17f6a4720aal0i6yxmkks4qfttp3b8.png,"Bloody Finger Nerijus follows the Bloody Finger code, hunting for fellow Tarnished without remorse","Invades on the ravine leading north-east from Agheel Lake, toward Murkwater Catacombs","['316 Runes', 'Furcalling Finger Remedy', 'Reduvia']"
17f69eb7e95l0i6yxnw6glz7q4fubb,"Anastasia, Tarnished-eater",https://eldenring.fanapis.com/images/creatures/17f69eb7e95l0i6yxnw6glz7q4fubb.png,"Invaded by Anastasia, Tarnished-Eater!","Smoldering Church, Limgrave","['Furlcalling Finger Remedy', 'Sacred Scorpion Charm', '', 'Furlcalling Finger Remedy', 'Butchering Knife']"
17f6a01ad5cl0i6yxv6sq0qoo7tk0a,Bloody Finger Okina,https://eldenring.fanapis.com/images/creatures/17f6a01ad5cl0i6yxv6sq0qoo7tk0a.png,,"Flame Peak, Mountaintops of the Giants","['734 Runes', 'Furlcalling Finger Remedy', 'Rivers of Blood', 'Okina Mask']"
17f6a2def99l0i6yxwb7eyuhvu38tg,Edgar The Revenger,https://eldenring.fanapis.com/images/creatures/17f6a2def99l0i6yxwb7eyuhvu38tg.png,Edgar the Revenger is a warrior clad in medium armor and wields a halberd. His moveset involves mostly physical attacks and his poise is easily broken with magic.,"Revenger's Shack, Liurnia of the Lakes","['316 Runes', 'Furlcalling Finger Remedy', 'Shabriri Grape', ""Banished Knight's Halberd (+8)"", 'Raw Meat Dumpling x 5']"
17f6a10de56l0i6yygvqflqpozsvd,Inquisitor Ghiza,https://eldenring.fanapis.com/images/creatures/17f6a10de56l0i6yygvqflqpozsvd.png,???,Volcano Manor,"['316 Runes', 'Furlcalling Finger Remedy', ""Ghiza's Wheel""]"
17f69e29ac1l0i6yyt36xomtyw80pr,Mad Tongue Alberich,https://eldenring.fanapis.com/images/creatures/17f69e29ac1l0i6yyt36xomtyw80pr.png,???,Roundtable Hall,"[""Taunter's Tongue""]"
17f69d42847l0i6yywsyxrvn97q7pa,"Maleigh Marais, Shaded Castle Castellan",,Maleigh Marais's identity is completely shrouded by their mask and long robes. They are equipped with a rapier and move carefully around opponents. They are easily staggered with magic attacks such as Glintblade Phalanx.,Fields west of The Shaded Castle,"['4,800 Runes', 'Antspur Rapier', 'Marais Mask', 'Marais Robe']"
17f6a16077el0i6yz89rtvo0b08wet,Moongrum Carian Knight,https://eldenring.fanapis.com/images/creatures/17f6a16077el0i6yz89rtvo0b08wet.png,"Moongrum the Carian Knight is the guardian of Raya Lucaria Academy's Grand Library, he is the last line of defense against intruders who are wanting to slay the head sorcerer of the institute. Just like you, a Tarnished, Moongrum is capable of wielding two different weapons, a shield, can use sorcery, and even use Flasks to recover health. A true warrior of Raya Lucaria.",Raya Lucaria Academy,"['3000 Runes', ""Carian Knight's Shield""]"
17f6a4e77c6l0i6yz8ue9ura86soil,Preceptor Miriam,,???,Carian Study Hall,"['Magic Downpour', 'Lucidity']"
17f6a320fd9l0i6yzgmo2bwje3vtwa,Recusant Henricus,https://eldenring.fanapis.com/images/creatures/17f6a320fd9l0i6yzgmo2bwje3vtwa.png,Invaded by Recusant Henricus!,East of Stormhill Shack,"['Furlcalling Finger Remedy, Hammer Talisman']"
17f6a57a3dfl0i6yzlyirzoe6ek9qe,Albinauric,https://eldenring.fanapis.com/images/creatures/17f6a57a3dfl0i6yzlyirzoe6ek9qe.png,"Due to their comically large and round heads, Albinaurics are perpetually hunched-over. They are often found in groups of five or more and they employ rudimentary combat tactics, often attacking recklessly with repeated swings and long combos that leave them open. At times, you may spot an Albinauric performing quick cartwheels on the battlefield, displaying agility despite their stature.",Liurnia of the Lakes,['???']
17f69d8f6ecl0i6yzyadne1wptx69k,Albinauric Wolfback Archer,https://eldenring.fanapis.com/images/creatures/17f69d8f6ecl0i6yzyadne1wptx69k.png,Guarding the rooftops of Ordina.,Ordina Liturgical Town,"['Albinauric Bloodclot ', ""St. Trina's Arrow "", 'Blue Silver Mail Armor']"
17f6a42b641l0i6z019225gr50ro3y,Banished Knight,https://eldenring.fanapis.com/images/creatures/17f6a42b641l0i6z019225gr50ro3y.png,"A tall knight who was banished and bound to serve the Grafted Lord, and to kill those trespassers of Stormveil Castle. They are normally seen wielding a large weapon such as a longsword with a shield or a polearm, and they are fully protected with a complete set of armor.",Stormveil Castle,"['400 Runes', ""Banished Knight's Greatsword"", 'Banished Knight Set', ""Banished Knight's Shield"", ""Banished Knight's Halberd""]"
17f6a385eaal0i6z025b3timpwicqi,Azula Beastman,https://eldenring.fanapis.com/images/creatures/17f6a385eaal0i6z025b3timpwicqi.png,"The Beastmen of Farum Azula are ferocious half-man, half-beast warriors. They display remarkable agility and are proficient in a plethora of weaponry including various curved blades, greatswords, shields and spears. Many are also excellent marksmen with their unique curved throwing knives which they use with deadly precision.",Crumbling Farum Azula,['Sanctuary Stone']
17f6a26edb1l0i6z0c0l7q5bk6a84s,Baleful Shadow,https://eldenring.fanapis.com/images/creatures/17f6a26edb1l0i6z0c0l7q5bk6a84s.png,Assassins of the Two Fingers sent forth to carry out their dirty work,Ainsel River Main,['8561 Runes']
17f69fb509el0i6z0gtmfmrez3jub,Blackflame Monk,https://eldenring.fanapis.com/images/creatures/17f69fb509el0i6z0gtmfmrez3jub.png,"Mysterious hooded figures belonging to an order of monks that call upon the power of the Black Flame, as well as their astute martial prowess to fell foes and trespassers of their domains.",Divine Tower of Caelid,"['1,764 Runes', 'Blackflame Monk Armor']"
17f69feb47dl0i6z0k3ravqm7glk,Perfumer,https://eldenring.fanapis.com/images/creatures/17f69feb47dl0i6z0k3ravqm7glk.png,???,Leyndell Royal Capital,['563 Runes']
17f69f00cfel0i6z0mmodqv7jvdaci,Black Knight,https://eldenring.fanapis.com/images/creatures/17f69f00cfel0i6z0mmodqv7jvdaci.png,"The Black Knight, riding atop a dark steed, wielding a mighty halberd.","Limgrave, south-east of the telescope, patrolling on a bridge ",['935 Runes']
17f69dfb029l0i6z0wqysfsnnae3v,Godrick Knight,https://eldenring.fanapis.com/images/creatures/17f69dfb029l0i6z0wqysfsnnae3v.png,"Wielders of heavy swords and spears, protected by large shields and fully armored. These Knights are often aided in combat by soldiers or hostile dogs, therefore posing a threat to the unprepared and novice.",Limgrave,['260 Runes']
17f69d1db06l0i6z0z639orzq5og3g,Castle Guard,https://eldenring.fanapis.com/images/creatures/17f69d1db06l0i6z0z639orzq5og3g.png,"Castle Guards comprise the bulk of Stormveil's defenses, but are by no means the most dangerous of the many great ones within.",Stormveil Castle,"['114 Runes', 'Exile Set', 'Torchpole', 'Stormhawk Feather', ""Soldier's Crossbow""]"
17f6a302bd7l0i6z12o9lq9y1lew9n,Chanting Winged Dame,https://eldenring.fanapis.com/images/creatures/17f6a302bd7l0i6z12o9lq9y1lew9n.png,The Chanting Winged Dames of Liurnia of The Lakes are equally hostile as they are suspicious.,"Ruin-Strewn Precipice, Liurnia of The Lakes, Fort Faroth",['Golden Rune [5]']
17f69ef99e6l0i6z16kucxff07ajb,Clayman,https://eldenring.fanapis.com/images/creatures/17f69ef99e6l0i6z16kucxff07ajb.png,???,"Siofra River, Ainsel River",['120 Runes']
17f6a21d89al0i6z17flcn6njlnoa,Commoner,https://eldenring.fanapis.com/images/creatures/17f6a21d89al0i6z17flcn6njlnoa.png,"The Commoner is a servant that is bound to perform duties for their superiors within Stormveil Castle. They appear to be tall, slender, yet weak, who is still capable of fighting trespassers.",Stormveil Castle,"['67 Runes', ""Commoner's Garb"", ""Commoner's Shoes""]"
17f6a47d8c4l0i6z1hixh46ze7d0j,Demi-human,https://eldenring.fanapis.com/images/creatures/17f6a47d8c4l0i6z1hixh46ze7d0j.png,"Agile and hostile, Demi-Humans scavenge the land in groups commanded by a leader, a stronger and more menacing creature. They roam the field light-armored and wielding a wide range of melee weapons and wooden shields.","Caves and beaches of Limgrave, such as Dissenter's Cave.","['42 Runes', 'Rainbow Stone', 'Rickety Shield', 'Falchion', 'String', 'Glowstone', '', 'Rainbow Stone']"
17f6a4a39c2l0i6z1owhunir5sz7ok,Fire Monk,https://eldenring.fanapis.com/images/creatures/17f6a4a39c2l0i6z1owhunir5sz7ok.png,"Fire Monks hierarchically gather in ceremonies, often at night, burning their way through Liurnia of The Lakes with torches and Mobile Flamethrowers. Fire Monk Abbots have the powerful ability of bursting flames from their hands and must be fought carefully.",East Liurnia of The Lakes,"['Fire Monk Hood', 'Fire Monk Armor', 'Fire Monk Gauntlets', 'Fire Monk Greaves', ""Monk's Flamemace"", 'Smouldering Butterfly', 'Fire Blossom']"
17f69cf24d6l0i6z1pyyc80cokt3a,Sorcerer Miner,https://eldenring.fanapis.com/images/creatures/17f69cf24d6l0i6z1pyyc80cokt3a.png,"Frail and malnourished, Diggers wield a glintstone-imbued staff for mining which doubles as a weapon when push comes to shove.",Altus Tunnel,"['Runes', ""Digger's Staff""]"
17f6a5b8c8al0i6z1sda5f93o89ubg,Flame Guardian,https://eldenring.fanapis.com/images/creatures/17f6a5b8c8al0i6z1sda5f93o89ubg.png,"Flame Guardians are slender humanoids dressed in simple white garbs and wearing a bronze mask, concealing their identity. They are equipped with long, flaming poles/staves and wield fire magic.",Guardians' Garrison,"['2,415 Runes']"
17f69fbc645l0i6z1th5oc8w2y7kqk,Glintstone Sorcerer,,"Glintstone Sorcerers are decked in Raya Lucarian Robes and distinct Glintstone Crown masks that obscure their identity. These scholars have access to lower level spells such as Glintstone Pebble, among others.",Raya Lucaria Academy,['???']
17f6a2e238el0i6z20md0879bx2sa,Gnoll,https://eldenring.fanapis.com/images/creatures/17f6a2e238el0i6z20md0879bx2sa.png,"Hungry Gnolls are usually found eating from dead bodies which makes them vulnerable to surprise or stealth attacks, but they are quick and unforgivingly lethal. They come in different classes, some of the wield a sword and use it very acrobatically, other use shields and some even are able to cast thunder.",Crumbling Farum Azola,['Sanctuary Stone']
17f6a3a9029l0i6z27h60v22c5sisi,Godrick Soldier,https://eldenring.fanapis.com/images/creatures/17f6a3a9029l0i6z27h60v22c5sisi.png,"The Godrick Soldiers of the Lands Between now roam the landscape, their clothes rags, hoping to rebuild their lives","Gatefront Ruins, Castle Morne, Stormgate, Roaming the Limgrave landscape",['64 - 77 Runes']
17f69f23c47l0i6z297epd0jcox8d,Golem,https://eldenring.fanapis.com/images/creatures/17f69f23c47l0i6z297epd0jcox8d.png,"Golems lay inactive in the hills of Stormhill, but those foolish enough to wake them will soon curse their fate","West ruins of Stormhill., Castle Morne Entrance, Ainsel River Well, Leyndell, Royal Capital","['3x Smithing Stone Shard', '844~1039 Runes']"
17f69d31a06l0i6z2kyia61ityqps,Highwayman,https://eldenring.fanapis.com/images/creatures/17f69d31a06l0i6z2kyia61ityqps.png,"Former foot soldiers who have turned to banditry. Clandestine and secluded from civilazation, now they lie in hidden caves.",Murkwater Cave,"['Bolt', 'Smoldering Butterfly', 'Highwayman Hood']"
17f6a1704cdl0i6z2ohrqnekxuveon,Great Horned Tragoth,https://eldenring.fanapis.com/images/creatures/17f6a1704cdl0i6z2ohrqnekxuveon.png,Invading another world. Defeat Great Horned Tragoth!,Ruin-Strewn Precipice,"['158 Runes', 'Furlcalling Finger Remedy', 'Rune Arc', 'Bull-Goat Helm', 'Bull-Goat Armor', 'Bull-Goat Gauntlets', 'Bull-Goat Greaves']"
17f6a37a5f1l0i6z2ptkcpanfvzxk,Gold Dragon Cult Knight,https://eldenring.fanapis.com/images/creatures/17f6a37a5f1l0i6z2ptkcpanfvzxk.png,"Exceedingly tough and skillful Knight, a golden armor-wearing menace lethal to most. Highly trained warrior and a threatening adversary due to its fine combat skills.",Liurnia of The Lakes,"['Dragon Cult Prayerbook', '', 'Leyndell Knight Set', '']"
17f69d38beel0i6z2uah4n55ouvrrh,Imp,https://eldenring.fanapis.com/images/creatures/17f69d38beel0i6z2uah4n55ouvrrh.png,"Imps infest many catacombs in the Lands Between, although some theorize they could be protecting their secrets",Within dungeons and catacombs,"['Forked Hatchet', '40~67 Runes']"
17f69db3251l0i6z2uxrqc134y3ewp,Imp Miner,https://eldenring.fanapis.com/images/creatures/17f69db3251l0i6z2uxrqc134y3ewp.png,"Small and agile creatures that typically conceal themselves within a smokescreen., Often wielding an axe or a flail amd performing flying attacks.",Ruin-Strewn Precipice,['None']
17f6a0250f0l0i6z33camvyws96s0v,Invisible Warrior,https://eldenring.fanapis.com/images/creatures/17f6a0250f0l0i6z33camvyws96s0v.png,"Sneak warriors, patient and quick to get in your back.",Ordina Liturgical Town,['Ghost Glovewort (9)']
17f6a6452b7l0i6z39vw4cv451i5eh,"Juno Hoslow, Knight Of Blood",https://eldenring.fanapis.com/images/creatures/17f6a6452b7l0i6z39vw4cv451i5eh.png,???,Mountaintops of the Giants,"['158 Runes', 'Rune Arc', 'Furlcalling Finger Remedy', ""Hoslow's Petal Whip"", ""Hoslow's Helm"", ""Hoslow's Armor"", ""Hoslow's Gauntlets"", ""Hoslow's Greaves""]"
17f6a54cd85l0i6z3dvc1msyzxgnhb,Imp,https://eldenring.fanapis.com/images/creatures/17f6a54cd85l0i6z3dvc1msyzxgnhb.png,"Imps infest many catacombs in the Lands Between, although some theorize they could be protecting their secrets",Within dungeons and catacombs,"['Forked Hatchet', '40~67 Runes']"
17f6a468558l0i6z3evwocwf8dyje,Lesser Burial Watchdog,https://eldenring.fanapis.com/images/creatures/17f6a468558l0i6z3evwocwf8dyje.png,"A living construct fashioned after felines and hounds, made to watch over catacombs. These constructs wield massive stone weaponry and are attuned to different elements.",Giant-Conquering Hero's Grave,"['3,712 Runes']"
17f6a542bd4l0i6z3nv6rhyzwgpy3s,Knight Of Zamor,https://eldenring.fanapis.com/images/creatures/17f6a542bd4l0i6z3nv6rhyzwgpy3s.png,"Knights of Zamor are slender humanoids with long hair, wielding a peculiar curved blade. These warriors are graceful and perform almost dance-like maneuvers as they weave across the battlefield. As denizens of the Mountaintops of the Giants, Knights of Zamor are strongly attuned to Frost, utilizing its powers to bolster their swordplay.",Zamor Ruins,"['5,039 Runes']"
17f6a590e96l0i6z3ozc8rcbywnwpk,Lesser Pumpkin Head,https://eldenring.fanapis.com/images/creatures/17f6a590e96l0i6z3ozc8rcbywnwpk.png,"The Lesser Pumpkin Head is a weaker variant of the Pumpkin Head. It appears to be an outcast due to its appearance and is mainly used as one of a weapon to fight against intruders and trespassers alike. The Lesser Pumpkin Head can be seen wearing a Pumpkin Helm, a distressed cloak, and wields a large club.","Castle Morne, Raya Lucaria Academy, Limgrave","['Pumpkin Helm', 'Sanctuary Stone', '273~293 Runes']"
17f6a1094del0i6z3usa6gslbq7dbv,Lesser Ulcerated Tree Spirit,https://eldenring.fanapis.com/images/creatures/17f6a1094del0i6z3usa6gslbq7dbv.png,A guardian that sleeps deep within the crypt of Stormveil Castle. It is quick and very aggressive when it attacks and moves similar to a centipede with its multiple legs. The Lesser Ulcerated Tree Spirit also features two large arms and a tail that it mainly uses to swing around or to slam the ground.,Stormveil Castle,"['Runes', 'Golden Seed']"
17f69d18668l0i6z3zu42cdeukhk8j,Living Jar,https://eldenring.fanapis.com/images/creatures/17f69d18668l0i6z3zu42cdeukhk8j.png,"The Living Jar, a walking vase that has long arms used for reaching and attacking their foes. A Living Jar may appear small in a group and it can also appear as a singular giant entity, capable of using slow, yet strong attacks.",Multiple Locations,['Living Jar Shard']
17f6a056aafl0i6z4af9sblixpdylg,Lesser Wormface,https://eldenring.fanapis.com/images/creatures/17f6a056aafl0i6z4af9sblixpdylg.png,Lesser Wormface may not be as large as Wormface itself but they can be found roaming around in groups around Crumbling Farum Azula.,Crumbling Farum Azula,['Gold-Tinged Excrement']
17f6a418567l0i6z4aoex55cxoyq5,Maneuverable Flamethrower,https://eldenring.fanapis.com/images/creatures/17f6a418567l0i6z4aoex55cxoyq5.png,Large wagons operated from the inside that shoot fire from a sculpture's mouth.,Liurnia of The Lakes,['None']
17f6a474991l0i6z4cwbbfkzh4re1b,Marionette Gargoyle,https://eldenring.fanapis.com/images/creatures/17f6a474991l0i6z4cwbbfkzh4re1b.png,"The Marionette Gargoyle are statues within Raya Lucaria Academy that have been reanimated with magical properties. They mainly fly in the air and wield a scythe that they use to attack their foes. They are usually found on posts, pretending to be statues.",Raya Lucaria Academy,['Runes']
17f6a0988d8l0i6z4hc87seey9tml6,Marionette Soldier,https://eldenring.fanapis.com/images/creatures/17f6a0988d8l0i6z4hc87seey9tml6.png,"Marionette Soldiers are puppets that are created and given life by superior being that reside within Raya Lucaria Academy. Their purpose is to protect and stop intruders from entering the institute. These soldiers appear to have multiple arms wielding more than one weapon, making them unpredictable in regards to how they will strike.","Raya Lucaria Academy, Academy Gate Town, Raya Lucaria Crystal Tunnel, Witchbane Ruins",['Marionette Soldier Helm']
17f6a01fd7dl0i6z4m61s5fhcnqbsl,Miner,https://eldenring.fanapis.com/images/creatures/17f6a01fd7dl0i6z4m61s5fhcnqbsl.png,"The ever working miners of Limgrave know no life but their toil, and will fiercely defend it","Limgrave Tunnels, Sellia Crystal Tunnel, Ruin-Strewn Precipice","['92 Runes', 'Explosive Stone', 'Smithing Stone [1]']"
17f69d05071l0i6z4v1gz1oqx0zdoi,Mounted Northern Mercenary,https://eldenring.fanapis.com/images/creatures/17f69d05071l0i6z4v1gz1oqx0zdoi.png,"Mounted Northern Mercenaries are often seen guarding important deliveries and outposts, such as Stormgate",Limgrave,"['282 Runes', 'Dismounter', 'Kaiden Helm', 'Kaiden Armor', 'Kaiden Gauntlets', 'Kaiden Trousers']"
17f69e8a2b8l0i6z4x8r2r0q9rh0e,Mounted Knight,https://eldenring.fanapis.com/images/creatures/17f69e8a2b8l0i6z4x8r2r0q9rh0e.png,,"North-east region of Limgrave, North of Liurnia of the Lakes",['Ash of War: Golden Vow']
17f6a10d252l0i6z5198munduncnjs,Noble Sorcerer,https://eldenring.fanapis.com/images/creatures/17f6a10d252l0i6z5198munduncnjs.png,Noble Sorcerers are frail old men wearing tattered garbs and a dirty yellow cape. They use a standard glintstone staff as both a sorcery catalyst and walking stick.,Various,['Glintstone Staff']
17f69f69a20l0i6z54ww74ju60bty,Misbegotten,https://eldenring.fanapis.com/images/creatures/17f69f69a20l0i6z54ww74ju60bty.png,"The Misbegotten are small humanoid creatures with small wings on their backs and a tail that reaches to the ground. Treated as slaves or worse from the time they are born, they rush in attack wildly and ruthlessly with their Iron Cleavers.","Castle Morne, Weeping Peninsula, Mt. Gelmir","['Iron Cleaver', 'Old Fang', '59 Runes']"
17f69d7e1b7l0i6z5a4ncivwwpp2qj,Kaiden Sellsword,https://eldenring.fanapis.com/images/creatures/17f69d7e1b7l0i6z5a4ncivwwpp2qj.png,"Kaiden Sellswords roam the land, looking to be hired for several protection roles",Throughout Limgrave and Stormhill,"['282 Runes ', 'Dismounter', '', 'Frozen Raisin', 'Kaiden Helm', 'Kaiden Armor', 'Kaiden Gauntlets', 'Kaiden Trousers']"
17f6a4fb9a1l0i6z5hvvg1hhcj3ei,Omen,https://eldenring.fanapis.com/images/creatures/17f6a4fb9a1l0i6z5hvvg1hhcj3ei.png,"A large ogre that is kept imprisoned within the grounds of Stormveil Castle. It appears to be battered and treated violently to discipline it, and used as a weapon to fight against trespassers.",Stormveil Castle,"['Runes', 'Omen Cleaver']"
17f69db88c7l0i6z5ndofcii9xrcxj,Pendulum Statue,https://eldenring.fanapis.com/images/creatures/17f69db88c7l0i6z5ndofcii9xrcxj.png,"A golden statue that sits on a small wagon. Attached to it are two pendulum blades that can extend to capture its prey. The Pendulum Statue is being controlled by an unkown creature that rests within it, only by opening its chest will it reveal its root-like tentacles.",Raya Lucaria Academy,['Runes']
17f6a1f8766l0i6z5q9r5tu6mrj36h,Old Knight Istvan,https://eldenring.fanapis.com/images/creatures/17f6a1f8766l0i6z5q9r5tu6mrj36h.png,Invading another world. Defeat Old Knight Istvan!,Stormhill,"['84 Runes', 'Rune Arc', 'Furlcalling Finger Remedy', 'Scaled Helm', 'Scaled Armor', 'Scaled Gauntlets', 'Scaled Greaves']"
17f6a46e932l0i6z5rezx45hbss4r,Perfumer,https://eldenring.fanapis.com/images/creatures/17f6a46e932l0i6z5rezx45hbss4r.png,???,Leyndell Royal Capital,['563 Runes']
17f6a3a46ccl0i6z5xed8ncsfqghvd,Pumpkin Head,https://eldenring.fanapis.com/images/creatures/17f6a3a46ccl0i6z5xed8ncsfqghvd.png,The breaking disrupted the flora and fauna of the region. Some took a rather intense liking to the larger plants that emerged,"Castle Morne, Weeping Peninsula","['291 Runes', 'Pumpkin Helm', 'Sanctuary Stone']"
17f69cf2d89l0i6z60v1napt1t9k63,Raya Lucaria Sorcerer,https://eldenring.fanapis.com/images/creatures/17f69cf2d89l0i6z60v1napt1t9k63.png,"Academicians of the Raya Lucaria Academy. These sholars dedicate their lives to learning and mastering the art of sorcery and serve one superiror sorcerer who resides within the institute. They are able to use glintstone sorcery to strike their foes from afar, and are still capable of using their weapon for close-quarters combat.",Raya Lucaria Academy,"['Academy Glintstone Staff', 'Raya Lucarian Robe', 'Sorcerer Manchettes', 'Sorcerer Leggings']"
17f6a59863fl0i6z6burs88c0miyu,Rileigh The Idle,https://eldenring.fanapis.com/images/creatures/17f6a59863fl0i6z6burs88c0miyu.png,Invading another world. Defeat Rileigh the Idle!,Altus Plateau,"['84 Runes', 'Rune Arc', 'Furlcalling Finger Remedy', ""Crepus's Vial"", 'Black-Key Bolt x20']"
17f69f71f60l0i6z6caa01v3eaefsv,Revenant,https://eldenring.fanapis.com/images/creatures/17f69f71f60l0i6z6caa01v3eaefsv.png,"A grotesque amalgamation of limbs, the Revenant is a creature with the body structure of an arachnid and the face of a human. Much like a spider, it possesses many limbs that seem to have been grafted onto its body, taken from diseased humans. The Revenant is capable of traveling through portals it creates with a peculiar form of magic, swiftly emerging behind a foe to catch them off guard.",Liurnia of the Lakes,"['4,103 Runes', 'Ghost Glovewort (2)', 'Rowa Fruit']"
17f6a30a47el0i6z6ibwvy43l0c4ve,Servant Of Rot,https://eldenring.fanapis.com/images/creatures/17f6a30a47el0i6z6ibwvy43l0c4ve.png,"Servants of Rot relish in the pungent miasma expelled by Poison Flowers. Their bodies are heavily mutated by the rot, their heads transformed into large crowns of fungi. These presumably former humans know only the rot and they worship it like a deity, bathed in its fog of decay.","Stillwater Cave, Caelid Waypoint Ruins",['Toxic Mushroom']
17f6a13c3d8l0i6z6jjzorqhmoanqe,Raya Lucarian Warden,https://eldenring.fanapis.com/images/creatures/17f6a13c3d8l0i6z6jjzorqhmoanqe.png,"Wardens roam the halls of the Raya Lucaria Academy, armed and watchful for furtive marauders.",Raya Lucaria Academy,['None']
17f69d1e7e0l0i6z6mt86j6rq8kd7k,Soldier,https://eldenring.fanapis.com/images/creatures/17f69d1e7e0l0i6z6mt86j6rq8kd7k.png,"Soldiers defend the many outposts of the Lords from incoming threats, such as the Tarnished","Stormveil Castle, Stormhill, Main Limgrave, Weeping Peninsula","['33~64 Runes', ""Lordsworn's Straight Sword"", 'Dagger']"
17f6a21f232l0i6z6yse22dhf9ffk,Skeleton Mage,,"Skeleton Mages are usually found on graveyards in Liurnia of the Lakes. They can out from the ground, they can be found in groups, wielding scythes and constantly casting a spell launching ghostly skulls against you.",Liurnia of the Lakes,['108 Runes']
17f6a529d76l0i6z7317q6dcu048df,Skeleton,https://eldenring.fanapis.com/images/creatures/17f6a529d76l0i6z7317q6dcu048df.png,"Skeletons rise from cemeteries and ruins of the Lands Between, attacking relentlessly any who approach","In the beaches and dungeons of Limgrave, and in the cemetery area of Stormhill",['35 Runes']
17f69f8a495l0i6z73t2p7blhg5kfk,Slender Wayfarer,https://eldenring.fanapis.com/images/creatures/17f69f8a495l0i6z73t2p7blhg5kfk.png,"A rare and long-haired creature, tall and slender, often found at the shore.",Seaside Ruins,"['311 Runes', 'Ash of War: Gravitas']"
17f69d9fd6dl0i6z7g6vzjb17ulqd,Swordstress,https://eldenring.fanapis.com/images/creatures/17f69d9fd6dl0i6z7g6vzjb17ulqd.png,Nimble warriors protecting and patrolling the eternal cities.,Night's Sacred Ground,"['635 Runes', 'Nox Swordstress Armor']"
17f6a2e0377l0i6z7guw0djley785,Troll,https://eldenring.fanapis.com/images/creatures/17f6a2e0377l0i6z7guw0djley785.png,"The Trolls of the Lands Between are frequently enslaved for defensive positions, but are also used in lieu of beasts of burden",Along the road north of the Collapsed bridge,"['≈1000 Runes', 'Smithing Stone Shard']"
17f6a593684l0i6z7nl19q2aff4zjt,Troll Knight,https://eldenring.fanapis.com/images/creatures/17f6a593684l0i6z7nl19q2aff4zjt.png,"Trolls are often employed to guard key locations, such as staircases large enough to accommodate their massive bodies. Often unmatched in strength, it bears the question... What manner of creature poses enough of a threat such that the mighty troll would find itself in need of heavy armor...?","Caria Manor, Liurnia of the Lakes",['???']
17f69dd4a95l0i6z7rq2htblkttsdr,Undead Soldier,https://eldenring.fanapis.com/images/creatures/17f69dd4a95l0i6z7rq2htblkttsdr.png,"Undead creatures, decayed and struggling to maintain balance while roaming the fields of The Lands Between.","Fringefolk Hero's Grave, Dragon-Burnt Ruins",['19 Runes']
17f6a37e8a8l0i6z814i8ubxe1ty0d,Twinsage Sorcerer,,"Twinsage Sorcerers are distinguished from other scholars by the crowns worn on their head, depicting the Twinsage Conspectus, with distinct blue crystals forming at the top of the twin heads.",Raya Lucaria Academy,['???']
17f69fd99f0l0i6z81ym04r89cha6i,Wraith Caller,https://eldenring.fanapis.com/images/creatures/17f69fd99f0l0i6z81ym04r89cha6i.png,"As their name suggests, Wraith Callers are equipped with Wraith Calling Bells that they use to channel death magic, summoning vengeful spirits to attack those that dare intrude upon the ruins of Liurnia. Devout worshippers of the Revenants, Wraith Callers are able to utilize the Revenants' dimensional portals, albeit to a lesser extent.",Liurnia of the Lakes,['Grave Violet']
