id,name,image,region,description,Liurnia of the Lakes
17f69c5a795l0i2m72bjeqbh713r3o,Bridge Of Sacrifice,https://eldenring.fanapis.com/images/locations/17f69c5a795l0i2m72bjeqbh713r3o.png,Limgrave,"A busy bridge swarming with iron-clad foes. Be prepared to engage in an array of melee, ranged and artillery attacks or attempt to push past them",
17f69869a3bl0i2m72p0sbjub568ch,Church Of Elleh,https://eldenring.fanapis.com/images/locations/17f69869a3bl0i2m72p0sbjub568ch.png,Limgrave,"Church of Elleh is a ruined building that hides a Site of Grace. The rooftop has caved in and offers no protection from the elements, and weeds are overtaking the walls, but this doesn't stop merchants from seeking what little shelter is on offer",
17f69886115l0i2m7307w4njyfhwt5,Deathtouched Catacombs,https://eldenring.fanapis.com/images/locations/17f69886115l0i2m7307w4njyfhwt5.png,Limgrave,"Catacombs filled with the stench of death, Skeletons dwell in the shadows",
17f697ae5eel0i2m74j1houvhsid9m,Church Of Dragon Communion,https://eldenring.fanapis.com/images/locations/17f697ae5eel0i2m74j1houvhsid9m.png,Limgrave,The dilapidated remains of the Church of Dragon Communion showcase the ruin that came to the land. But could a flame still linger at its altar??,
17f697edfb9l0i2m79bx2q2xwbbjtl,Coastal Cave,https://eldenring.fanapis.com/images/locations/17f697edfb9l0i2m79bx2q2xwbbjtl.png,Limgrave,"Coastal Cave is a dark opening on the side of a cliff. Its mossy depths are overrun by hostile humanoid creatures, but those who brave it may find passage to new lands",
17f6986ad2el0i2m7q7y6gl2myxkh8,Dragon-burnt Ruins,https://eldenring.fanapis.com/images/locations/17f6986ad2el0i2m7q7y6gl2myxkh8.png,Limgrave,"Dragon-Burnt Ruins are what remains of the housing area among Agheel Lake, long lost to the deadly attacks of the fierce Agheel Dragon ",
17f69d3927cl0i2m7rak61iym4ek,Forlorn Hound Evergaol,https://eldenring.fanapis.com/images/locations/17f69d3927cl0i2m7rak61iym4ek.png,Limgrave,"The southern Evergaol of Limgrave, before the entrance to Weeping Peninsula",
17f699ae4a0l0i2m7xeop7sxh8y65e,Fringefolk Hero's Grave,https://eldenring.fanapis.com/images/locations/17f699ae4a0l0i2m7xeop7sxh8y65e.png,Limgrave,Fingefolk Hero's Grave is a dark and secluded location within the Cave of Knowledge. The confused and aimless dwell within,
17f6981bb8al0i2m7z49o4mk7lid3,Fort Haight,https://eldenring.fanapis.com/images/locations/17f6981bb8al0i2m7z49o4mk7lid3.png,Limgrave,"The overrun fort of Kenneth Haith, the alleged next ruler of Limgrave",
17f699007d5l0i2m80jyrpycbrgzml,Divine Tower Of Limgrave,https://eldenring.fanapis.com/images/locations/17f699007d5l0i2m80jyrpycbrgzml.png,Limgrave,Closed with a giant set of doors. It looks like you need some pieces to interact with the tower.  ,
17f6961933bl0i2m880lere7qq0dqn,Gatefront Ruins,https://eldenring.fanapis.com/images/locations/17f6961933bl0i2m880lere7qq0dqn.png,Limgrave,"Gatefront Ruins is what remains of the now destroyed barracks near the fortification. Despite its poor state, it is a heavily guarded location by those loyal to Stormveil",
17f698e05eel0i2m8lxtk1iuo5pp3,Limgrave Tunnels,https://eldenring.fanapis.com/images/locations/17f698e05eel0i2m8lxtk1iuo5pp3.png,Limgrave,"Limgrave Tunnels are a mine harvested for Glimstone. Its zealous miners don't dare venture into its hidden chambers, for fear of the hoarder Troll within ",
17f69bc29c9l0i2m8mjnl6ac43o3sa,Groveside Cave,https://eldenring.fanapis.com/images/locations/17f69bc29c9l0i2m8mjnl6ac43o3sa.png,Limgrave,"Groveside Cave is a small refuge for wildlife in Limgrave. Its proximity to water and ease of access make it a sought-after shelter against bad weather, but those who venture in don't seem to return",
17f69c40d99l0i2m8n9bf756iumzy9,Minor Erdtree (mistwood),https://eldenring.fanapis.com/images/locations/17f69c40d99l0i2m8n9bf756iumzy9.png,Limgrave,Easily distiguished from the rest of the trees in Mistwood Forest.,
17f699b601fl0i2m8statevuowxrrb,Highroad Cave,https://eldenring.fanapis.com/images/locations/17f699b601fl0i2m8statevuowxrrb.png,Limgrave,"A cave that houses a tomb, deep within. It is situated at the northmost part of Limgrave. It has been inhabited by a pack of Wolves, Land Octopuses, and Giant Bats",
17f69d83e6bl0i2m8v6af0i4h94ltb,Mistwood,https://eldenring.fanapis.com/images/locations/17f69d83e6bl0i2m8v6af0i4h94ltb.png,Limgrave,"Mistwood is a Location in Elden Ring. The Mistwood region is located in the Eastern part of Limgrave. Tiered terrain, small beaches, and luscious forests occupied by Lesser Runebears are the defining features of this region.",
17f69a3ca6bl0i2m99b111ivu2aamcc,Mistwood Ruins,https://eldenring.fanapis.com/images/locations/17f69a3ca6bl0i2m99b111ivu2aamcc.png,Limgrave,"Concealed by the thriving growth of vegetation, these ruins are kept out of sight by the veil of nature itself. But there's more to it than what you see",
17f69dedf7al0i2m9b4pz1v8jipl5,Murkwater Catacombs,https://eldenring.fanapis.com/images/locations/17f69dedf7al0i2m9b4pz1v8jipl5.png,Limgrave,"An underground cemetery that is located at the north-east side of Agheel Lake in Limgrave. Once a place for peaceful rest for fallen heroes, it is now infested by goblins.  ",
17f69e79661l0i2m9c3uzzwon60ru,Murkwater Cave,https://eldenring.fanapis.com/images/locations/17f69e79661l0i2m9c3uzzwon60ru.png,Limgrave,A dark cave halfway through the Murkwater River ,
17f69f08b12l0i2m9h4uay98lftdb,Siofra River Well,https://eldenring.fanapis.com/images/locations/17f69f08b12l0i2m9h4uay98lftdb.png,Limgrave,"A mystical underground region filled with its own set of skies and stars. Beware, it is teeming with creatures big and small alike",
17f69f46160l0i2m9j5wvl4iyb5vv,Smoldering Church,https://eldenring.fanapis.com/images/locations/17f69f46160l0i2m9j5wvl4iyb5vv.png,Caelid,The Last Church in Limgrave before reaching Caelid,
17f69755f06l0i2m9ygrrte15vxjjn,Stormgate,https://eldenring.fanapis.com/images/locations/17f69755f06l0i2m9ygrrte15vxjjn.png,Limgrave,The Stormgate is a heavily guarded area that marks the border within Limgrave and Stormhill. Only the foolhardy would rush such against such odds ,
17f69c93d09l0i2m9yixlupxvwoc7r,Stormfoot Catacombs,https://eldenring.fanapis.com/images/locations/17f69c93d09l0i2m9yixlupxvwoc7r.png,Limgrave,"Stormfoot Catacombs were meant as a restful place for the deceased, but its now overrun by Goblins. Its deepest secrets are secured by the Guardian of the Burial Tree ",
17f69a317f4l0i2m9zw0s2ceqss32f,Stormhill,https://eldenring.fanapis.com/images/locations/17f69a317f4l0i2m9zw0s2ceqss32f.png,Limgrave,"Stormhill is a Location in Elden Ring. Stormhill is the upper half area of Limgrave, between its central river and Stormveil.",
17f6973afc2l0i2ma51e7fflgwsv2m,Stormhill Evergaol,https://eldenring.fanapis.com/images/locations/17f6973afc2l0i2ma51e7fflgwsv2m.png,Limgrave,The Brave and Foolish alike dare venture into the Stormhill Evergaol and face its relentless knight in battle,
17f69ad0772l0i2ma7gusqx8w2s1ao,Stormhill Shack,https://eldenring.fanapis.com/images/locations/17f69ad0772l0i2ma7gusqx8w2s1ao.png,Limgrave,The Stormhill Shack is a dilapidated shelter formerly used to house hunters in the area. A Site of Grace offers a needed moment of rest for those traveling nearby ,
17f69e77e65l0i2mam30d45d317ze1a,Stranded Graveyard,https://eldenring.fanapis.com/images/locations/17f69e77e65l0i2mam30d45d317ze1a.png,Limgrave,Stranded Graveyard is a dark and secluded location within the Cave of Knowledge. The confused and aimless dwell within,
17f69c37b1fl0i2manq5puf8m7lj6,Summonwater Village,https://eldenring.fanapis.com/images/locations/17f69c37b1fl0i2manq5puf8m7lj6.png,Limgrave,"D, Hunter of The Dead, warns you of this nearby village taken over by death, known as Summonwater Village ",
17f696f8b63l0i2maq3fi94tgr4s4t,Third Church Of Marika,https://eldenring.fanapis.com/images/locations/17f696f8b63l0i2maq3fi94tgr4s4t.png,Limgrave,The Ruins of an Old Church found in the Mistwood. The most prominent sight here is a statue of a lady with her arms outstretched,
17f69d5a094l0i2mata8cfyj4ci55t,Warmaster's Shack,https://eldenring.fanapis.com/images/locations/17f69d5a094l0i2mata8cfyj4ci55t.png,Limgrave,Small shack in a remote area near north-central Stormhill.,
17f69d6cc12l0i2maurcz3u35zq1e6,Waypoint Ruins,https://eldenring.fanapis.com/images/locations/17f69d6cc12l0i2maurcz3u35zq1e6.png,Limgrave,"Waypoint Ruins consists of a group of broken buildings and abandoned campsites, now overrun with poisonous flowers and their crazed caretaker",
17f699556dcl0i2mb8hu2t8gym49k9,Ailing Village,https://eldenring.fanapis.com/images/locations/17f699556dcl0i2mb8hu2t8gym49k9.png,Weeping Peninsula,"A small, abandoned village nestled within a forested area north of the Castle Morne Rampart. This village is host to long-dilapidated dwellings, inhabited only by hostile Demi-humans.  ",
17f69a08d1al0i2mbb18pbuvaqj0nv,Bridge Of Sacrifice,https://eldenring.fanapis.com/images/locations/17f69a08d1al0i2mbb18pbuvaqj0nv.png,Limgrave,"A busy bridge swarming with iron-clad foes. Be prepared to engage in an array of melee, ranged and artillery attacks or attempt to push past them",
17f6966a9acl0i2mbedz4xx9r4lz4h,Callu Baptismal Church,https://eldenring.fanapis.com/images/locations/17f6966a9acl0i2mbedz4xx9r4lz4h.png,Weeping Peninsula,"A dilapidated church, presumably frequented by the former residents of Ailing Village. Now it lies in ruin, its congregation replaced by a family of mutant vermin feasting on the remains of  unfortunate travelers",
17f698b669el0i2mbhazm5831nokpp,Church Of Pilgrimage,https://eldenring.fanapis.com/images/locations/17f698b669el0i2mbhazm5831nokpp.png,Weeping Peninsula,The Church of Pilgrimage is a broken building situated at the top of the cliff in the north of the Weeping Peninsula. Even with the walls and roof destroyed pilgrims still make the journey to visit this church,
17f69a8e6e3l0i2mbkue80sw8q9e9m,Castle Morne,https://eldenring.fanapis.com/images/locations/17f69a8e6e3l0i2mbkue80sw8q9e9m.png,Limgrave,"Remants of a chaos swept castle, teeming with iron-clad enemies -now engulfed with fire, piles of remains and ruin.",
17f698f0b5cl0i2mbvii8p3ju2s8p,Demi-human Forest Ruins,https://eldenring.fanapis.com/images/locations/17f698f0b5cl0i2mbvii8p3ju2s8p.png,Weeping Peninsula,"Demi-Humans congregate here to worship their queen. Defeating her will reward players with the Demi-Human Queen's Staff, which is excellent for beginner mages.",
17f69a6e7bal0i2mbxtdxxdlkbn228,Earthbore Cave,https://eldenring.fanapis.com/images/locations/17f69a6e7bal0i2mbxtdxxdlkbn228.png,Limgrave,Earthbore Cave is a small dark cave on the side of the Cliffside between Limgrave and Weeping Peninsula. One might be able to hear the squeaks of rats and the snoring of a large beast deep within if you listen closely,
17f69beb214l0i2mc1tu4e1udh50bg,Forest Lookout Tower,https://eldenring.fanapis.com/images/locations/17f69beb214l0i2mc1tu4e1udh50bg.png,Weeping Peninsula,"A run-down tower built on the edge of the cliffs of the Weeping Peninsula, located west of the Bridge of Sacrifice.  ",
17f69eb484al0i2mc6wcx3of77ezpi,Impaler's Catacombs,https://eldenring.fanapis.com/images/locations/17f69eb484al0i2mc6wcx3of77ezpi.png,Weeping Peninsula,"The Impaler's Catacombs are found in the east side of the Weeping Peninsula. Once used to store the bodies of the dead, it is now crawling with Imps. ",
17f699e2f56l0i2mcc0rz6jdgrnd4b,Fourth Church Of Marika,https://eldenring.fanapis.com/images/locations/17f699e2f56l0i2mcc0rz6jdgrnd4b.png,Weeping Peninsula,"The ruins of a lonely church, sitting atop a plateau west of the peninsula. Despite its current state, the altar remains intact and ghostly knights still roam the fields nearby, perhaps restless and duty-bound to safeguarding the area...",
17f6967f4a6l0i2mcivef17883vmx4,Minor Erdtree (weeping Peninsula),https://eldenring.fanapis.com/images/locations/17f6967f4a6l0i2mcivef17883vmx4.png,Weeping Peninsula,One of the large Erdtree's found in the Weeping Peninsula. An Erdtree Avatar charges at those who approach,
17f69e439b6l0i2mcjzcnj6kp3he1,Isolated Merchant's Shack,https://eldenring.fanapis.com/images/locations/17f69e439b6l0i2mcjzcnj6kp3he1.png,Weeping Peninsula,"Found at the western edge of the Weeping Peninsula, this lonesome hut is home to but a single person who has long adapted to a life of seclusion",
17f69ef93ffl0i2mcqpdy7v0jp2w4t,Oridys's Rise,https://eldenring.fanapis.com/images/locations/17f69ef93ffl0i2mcqpdy7v0jp2w4t.png,Weeping Peninsula,"A lone observation tower atop a plateau in the east of the Weeping Peninsula. Long since abandoned, the entrance is barred by a seal, presenting travelers with a small challenge",
17f6981a517l0i2mcvl2m9zjgmsg8q,Morne Tunnel,https://eldenring.fanapis.com/images/locations/17f6981a517l0i2mcvl2m9zjgmsg8q.png,Weeping Peninsula,A dark and hidden tunnel that is inhabited by Misbegottens and Miners.,
17f69d80346l0i2md4i5cedghtnq25,Tombsward Cave,https://eldenring.fanapis.com/images/locations/17f69d80346l0i2md4i5cedghtnq25.png,Weeping Peninsula,Hidden cave in the forest teeming with poison-filled creatures.,
17f69f4ffe5l0i2md88ra4eyn71p2h,Tombsward Ruins,https://eldenring.fanapis.com/images/locations/17f69f4ffe5l0i2md88ra4eyn71p2h.png,Weeping Peninsula,"The ruins of a former burial ground. Next to nothing remains here, yet squires still roam the dark tunnels beneath. Perhaps protecting the graves of their former noble masters..",
17f69e49901l0i2mdbbaoshgf9r6xb,Tombsward Catacombs,https://eldenring.fanapis.com/images/locations/17f69e49901l0i2mdbbaoshgf9r6xb.png,Weeping Peninsula,"The Tombsward Catacombs are hidden inside the mountain near the Minor Erdtree in the Weeping Peninsula. Once filled with the bodies of the dead, armed skeletons now rise to chase away those that wish to explore its depths.",
17f69f66bd4l0i2mddees047dl1w3,Tower Of Return,https://eldenring.fanapis.com/images/locations/17f69f66bd4l0i2mddees047dl1w3.png,Weeping Peninsula,"A dilapidated tower guarded by foot soldiers and mounted cavalry. Makeshift wooden platforms and ladders line the inside of the tower, allowing it to retain some function as a lookout point and a mount for ballistae",
17f698df3ebl0i2mdikdnz45fhyrc7,Weeping Evergaol,https://eldenring.fanapis.com/images/locations/17f698df3ebl0i2mdikdnz45fhyrc7.png,Weeping Peninsula,An evergaol located on the western landmass of the Weeping Peninsula. A formidable opponent is imprisoned within,
17f69aac157l0i2mdq7xv2njkwl739,Witchbane Ruins,https://eldenring.fanapis.com/images/locations/17f69aac157l0i2mdq7xv2njkwl739.png,Weeping Peninsula,"A set of ruins found in western Weeping Peninsula. Overgrown with thick shrubs and poisonous flowers, this decrepit landmark invites only misery and dread.  ",
17f69eea151l0i2mdvyoq9hes3awih,Academy Crystal Cave,https://eldenring.fanapis.com/images/locations/17f69eea151l0i2mdvyoq9hes3awih.png,Liurnia of the Lakes,"The depths of the Raya Lucaria Academy are rich in rose-tinted crystals, imbued with the natural magic of the area",
17f69ca396cl0i2mdysgmasljm2zkm,Academy Gate Town,https://eldenring.fanapis.com/images/locations/17f69ca396cl0i2mdysgmasljm2zkm.png,Liurnia of the Lakes,The sunken remains of the academy town,
17f69810cebl0i2mdzlqf85vs5362m,Ainsel River Well,https://eldenring.fanapis.com/images/locations/17f69810cebl0i2mdzlqf85vs5362m.png,Liurnia of the Lakes,A small structure housing a lift that takes you down to the Ainsel River.,
17f69f1bf17l0i2me5lh0rinbjahod,Artist's Shack,https://eldenring.fanapis.com/images/locations/17f69f1bf17l0i2me5lh0rinbjahod.png,Liurnia of the Lakes,A small cabin at North Liurnia of The Lakes. Its strongly perceived tranquility seems overshadowed by oblivion.  ,
17f69f3a31bl0i2meai1xfwcvclxod,Bellum Church,https://eldenring.fanapis.com/images/locations/17f69f3a31bl0i2meai1xfwcvclxod.png,Liurnia of the Lakes,Located past the ruins and the forested area guarded by Mounted Knights.,
17f69c7e27al0i2meh9ln3g7iucc9m,Bellum Highway,https://eldenring.fanapis.com/images/locations/17f69c7e27al0i2meh9ln3g7iucc9m.png,Liurnia of the Lakes,Outside the East Raya Lucaria Gate ,
17f699441c2l0i2men3bc9smd0h3jp,Black Knife Catacombs,https://eldenring.fanapis.com/images/locations/17f699441c2l0i2men3bc9smd0h3jp.png,Liurnia of the Lakes,"Black Knife Catacombs homes many skeletons and crabs within its depths, find and defeat the Black Knife Assassin within to obtain their dagger.",
17f696fcc61l0i2mesvptc01pvt2k,Caria Manor,https://eldenring.fanapis.com/images/locations/17f696fcc61l0i2mesvptc01pvt2k.png,Liurnia of the Lakes,A large estate situated far to the north of Liurnia.  ,
17f69671b3cl0i2meu31aoc55gpu6w,Boilprawn Shack,https://eldenring.fanapis.com/images/locations/17f69671b3cl0i2meu31aoc55gpu6w.png,Liurnia of the Lakes,Small cozy shack where Blackguard Big Boggart resides.,
17f69ebf5c7l0i2mf0jf9uvcbi972,Carian Study Hall,https://eldenring.fanapis.com/images/locations/17f69ebf5c7l0i2mf0jf9uvcbi972.png,Liurnia of the Lakes,A large library-like location full of spectres ,
17f69b84b61l0i2mfc7u9mll6xzntq,Chapel Of Anticipation,https://eldenring.fanapis.com/images/locations/17f69b84b61l0i2mfc7u9mll6xzntq.png,Limgrave,A small starting building with trail leading to an area occupied by a gnarly Grafted Scion,
17f698ad77al0i2mfezbdn6jgn0o9,Chelona's Rise,https://eldenring.fanapis.com/images/locations/17f698ad77al0i2mfezbdn6jgn0o9.png,Liurnia of the Lakes,A tower overlooking the southern-most tip of Liurnia of the lakes,
17f698e5adfl0i2mffrxjg7ruc39w,Church Of Inhibition,https://eldenring.fanapis.com/images/locations/17f698e5adfl0i2mffrxjg7ruc39w.png,Liurnia of the Lakes,"The remnants of an old church in the north of Liurnia, just before the Altus Plateau.",
17f69cce4d4l0i2mfhyp49jkapcfro,Cathedral Of Manus Celes,https://eldenring.fanapis.com/images/locations/17f69cce4d4l0i2mfhyp49jkapcfro.png,Liurnia of the Lakes,A large church atop the southern plateau of Liurnia.,
17f69eb0b5al0i2mfvs8tpdxql60r,Church Of Irith,https://eldenring.fanapis.com/images/locations/17f69eb0b5al0i2mfvs8tpdxql60r.png,Limgrave,,A peaceful church at the back of Stormveil Castle.
17f69c9c269l0i2mfxzgqbh7ffwoxe,Church Of Vows,https://eldenring.fanapis.com/images/locations/17f69c9c269l0i2mfxzgqbh7ffwoxe.png,Liurnia of the Lakes,"It is here, at the Church of Vows, that the great houses of the Erdtree and the Moon were joined by the matrimonial bond between red-haired Radagon and Rennala of the Full Moon. That is why it holds in view the monuments of both houses, the Erdtree of the Capital and the Academy of Raya Lucaria.",
17f69da1bd4l0i2mg2rzb8btkku3w,Converted Fringe Tower,https://eldenring.fanapis.com/images/locations/17f69da1bd4l0i2mg2rzb8btkku3w.png,Liurnia of the Lakes,A tower found on the fringe in the northeastern tip of Liurnia.,
17f69d1362al0i2mg4cjo2nkqwii0c,Converted Tower,https://eldenring.fanapis.com/images/locations/17f69d1362al0i2mg4cjo2nkqwii0c.png,Liurnia of the Lakes,An abandoned tower ,
17f698f564bl0i2mgkgv52gb259rpo,Cuckoo's Evergaol,https://eldenring.fanapis.com/images/locations/17f698f564bl0i2mgkgv52gb259rpo.png,Liurnia of the Lakes,Evergaol located on the western landmass of Liurnia. A powerful force stirs within.,
17f699e76bfl0i2mgmm6ms7zuiygi4,Deep Ainsel Well,,Liurnia of the Lakes,A deep well leading to the Moonlight Altar from the underground Grand Cloister.,
17f69a9bb63l0i2mgrk6uq0c1hc2ce,Divine Tower Of Liurnia,https://eldenring.fanapis.com/images/locations/17f69a9bb63l0i2mgrk6uq0c1hc2ce.png,Liurnia of the Lakes,Divine Tower of Liurnia is a Location in Elden Ring. The Divine Tower of Liurnia is found in Liurnia of the Lakes and is reached by taking the lift down at the secret area of Carian Study Hall.,
17f69b8ac92l0i2mgtov87be1r2nqe,Frenzied Flame Village,https://eldenring.fanapis.com/images/locations/17f69b8ac92l0i2mgtov87be1r2nqe.png,Liurnia of the Lakes,A village in Liurnia gripped in the madness of Three Fingers. Its denizens know nothing but the fiery frenzy burning within them,
17f699dd1c8l0i2mgue4joyaqx4gkf,Grand Lift Of Dectus,https://eldenring.fanapis.com/images/locations/17f699dd1c8l0i2mgue4joyaqx4gkf.png,Liurnia of the Lakes,"A massive lift platform found between Liurnia and the Altus Plateau. The mechanism that operates the lift is barred by four Guardian Statues, requiring the brandishing of a special artifact for them to release their hold",
17f6999ba4dl0i2mh3xyke5xw6a3,Highway Lookout Tower,https://eldenring.fanapis.com/images/locations/17f6999ba4dl0i2mh3xyke5xw6a3.png,Liurnia of the Lakes,A lone tower overlooking the Liurnia main road on the eastern landmass ,
17f69c4fae0l0i2mh89ctxbtq3mamf,Jarburg,https://eldenring.fanapis.com/images/locations/17f69c4fae0l0i2mh89ctxbtq3mamf.png,Liurnia of the Lakes,"Jarburg was a peaceful village, but the effects of the Shattering affected even the otherwise amicable Living Jar ",
17f696bd5cdl0i2mhe4ogfvk5y4fnk,Kingsrealm Ruins,https://eldenring.fanapis.com/images/locations/17f696bd5cdl0i2mhe4ogfvk5y4fnk.png,Liurnia of the Lakes,"A ruined area, only seemingly bare.",
17f69a91598l0i2mhgmal00xkh3qlq,Lakeside Crystal Cave,https://eldenring.fanapis.com/images/locations/17f69a91598l0i2mhgmal00xkh3qlq.png,Liurnia of the Lakes,"Hidden on the southwestern cliffs of Liurnia of the Lakes, a winding cave carved by large crystals",
17f6998e8c0l0i2mhji8anu11st2mt,Laskyar Ruins,https://eldenring.fanapis.com/images/locations/17f6998e8c0l0i2mhji8anu11st2mt.png,Liurnia of the Lakes,"Ruins of a sunken structure beset by fog, found amidst the marshes of south Liurnia.",
17f69755ab0l0i2mhph4nhezda1u7a,Lunar Estate Ruins,https://eldenring.fanapis.com/images/locations/17f69755ab0l0i2mhph4nhezda1u7a.png,Liurnia of the Lakes,The ruins of a large estate found atop the southwestern plateau of Liurnia.,
17f69dacb4bl0i2mhubpixrap5onq,Malefactor's Evergaol,https://eldenring.fanapis.com/images/locations/17f69dacb4bl0i2mhubpixrap5onq.png,Liurnia of the Lakes,An evergaol overlooking the vast lakes. An ever burning flame resides within,
17f69f56f55l0i2mhypmucze7mfrzc,Minor Erdtree (liurnia Southwest),https://eldenring.fanapis.com/images/locations/17f69f56f55l0i2mhypmucze7mfrzc.png,Limgrave,,This ancient Erdtree overlooks the lakes from the southwest
17f699944del0i2mi3slb26ih47ryg,Moonfolk Ruins,https://eldenring.fanapis.com/images/locations/17f699944del0i2mi3slb26ih47ryg.png,Liurnia of the Lakes,Ruins found in the southwest of the Liurnia of the Lakes region ,
17f69d966bel0i2mi4tvwhnn8vetm,Purified Ruins,https://eldenring.fanapis.com/images/locations/17f69d966bel0i2mi4tvwhnn8vetm.png,Liurnia of the Lakes,The holy remains now lie in ruin  ,
17f698099f7l0i2miaetoao4rp6xtb,Ranni's Rise,https://eldenring.fanapis.com/images/locations/17f698099f7l0i2miaetoao4rp6xtb.png,Liurnia of the Lakes,A tower beset by large chunks of glintstone emerging from the ground and penetrating its interiors. Home to a mysterious figure observing The Lands Between,
17f69c399c9l0i2mil0mh3d0ps7e7,Raya Lucaria Crystal Tunnel,https://eldenring.fanapis.com/images/locations/17f69c399c9l0i2mil0mh3d0ps7e7.png,Liurnia of the Lakes,One of the vast networks of tunnels used prominently for the academy's crystal mining operation.,
17f698a28ecl0i2mipyyaypw22zid,Renna's Rise,https://eldenring.fanapis.com/images/locations/17f698a28ecl0i2mipyyaypw22zid.png,Liurnia of the Lakes,"A Tower of the Three Sisters, belonging to Renna. It houses Ranni's Snow Witch Armor Set",
17f69bb1acal0i2mitcppzloop1zos,Revenger's Shack,https://eldenring.fanapis.com/images/locations/17f69bb1acal0i2mitcppzloop1zos.png,Liurnia of the Lakes,"An isolated shack north of the Minor Erdtree. Bodies litter the ground inside the shack, possibly belonging to those one has taken revenge upon",
17f6960e4ffl0i2mixrjbqp5ikjrdf,Ringleader's Evergaol,https://eldenring.fanapis.com/images/locations/17f6960e4ffl0i2mixrjbqp5ikjrdf.png,Liurnia of the Lakes,An evergaol where a nortorious assassin is incarcerated,
17f69cc10e6l0i2mj6tb3yh7hepkwb,Road's End Catacombs,https://eldenring.fanapis.com/images/locations/17f69cc10e6l0i2mj6tb3yh7hepkwb.png,Liurnia of the Lakes,Catacombs at the end of the world..,
17f69993058l0i2mjc4gismv720o76,Rose Church,https://eldenring.fanapis.com/images/locations/17f69993058l0i2mjc4gismv720o76.png,Liurnia of the Lakes,"The ruins of a former church aptly named Rose Church, for its walls are now festering with scarlet rot and overgrown with bloodroses.",
17f69bb8933l0i2mjfr92f3f404f5,Royal Grave Evergaol,https://eldenring.fanapis.com/images/locations/17f69bb8933l0i2mjfr92f3f404f5.png,Liurnia of the Lakes,An evergaol constructed for the Carian Royal family in the plains east of the royal estate,
17f699ac779l0i2mjk3m8nufj4z7fe,Ruin-strewn Precipice,https://eldenring.fanapis.com/images/locations/17f699ac779l0i2mjk3m8nufj4z7fe.png,Liurnia of the Lakes,A steep precipice with abundant caves in the insides all the way through ,
17f6973267cl0i2mjmwm9vdpxj72u,Seluvis's Rise,https://eldenring.fanapis.com/images/locations/17f6973267cl0i2mjmwm9vdpxj72u.png,Liurnia of the Lakes,A tower bequeathed unto Preceptor Seluvis. Serves as his personal study as he delves into the sorcerous arts.,
17f69c6be62l0i2mjs3roacssjuxza,Slumbering Wolf's Shack,https://eldenring.fanapis.com/images/locations/17f69c6be62l0i2mjs3roacssjuxza.png,Liurnia of the Lakes,"A small shack nestled at the side of a cliff, only accessible through a long winding cave system.   A woman and her wolf companion rest here.",
17f69bc3adbl0i2mjzcn0qc9u6t9bk,Stillwater Cave,https://eldenring.fanapis.com/images/locations/17f69bc3adbl0i2mjzcn0qc9u6t9bk.png,Liurnia of the Lakes,"A dark and murky cave beset by a poisonous miasma. Home to servants of rot, relishing in the presence of the giant poisonblooms endemic to the cave",
17f69e1147dl0i2mk2ygww3qoin7ba,Temple Quarter,https://eldenring.fanapis.com/images/locations/17f69e1147dl0i2mk2ygww3qoin7ba.png,Liurnia of the Lakes,"Ruined by the breaking, the Temple Quarter is now overrun with dangerous creatures, ready to attack any who come near ",
17f69d3b50fl0i2mk6p38tb210zrrj,Testu's Rise,https://eldenring.fanapis.com/images/locations/17f69d3b50fl0i2mk6p38tb210zrrj.png,Liurnia of the Lakes,An observation tower found in the middle of a lone isle in Liurnia. The entrance is sealed by impish magic and presents a challenge to would-be visitors,
17f69d66ba9l0i2mkaapoatsule3ab,The Four Belfries,https://eldenring.fanapis.com/images/locations/17f69d66ba9l0i2mkaapoatsule3ab.png,Liurnia of the Lakes,"As its name suggests, The Four Belfries is a hill with four large bell towers overlooking Liurnia from the west. Each belfry hosts a waygate that transports travelers to various locations",
17f696874a9l0i2mkds3uzk8ol689w,Village Of The Albinaurics,https://eldenring.fanapis.com/images/locations/17f696874a9l0i2mkds3uzk8ol689w.png,Liurnia of the Lakes,"The cursemongers have destroyed the Village of the Albinaurics, but perhaps their hope to reach the promised city is not yet lost",
17f69a76b08l0i2mkixrtbvunct38,Abandoned Cave,https://eldenring.fanapis.com/images/locations/17f69a76b08l0i2mkixrtbvunct38.png,Caelid,Long time abandoned cave.,
17f69935509l0i2mkr8vjb9f4f94v,Caelem Ruins,https://eldenring.fanapis.com/images/locations/17f69935509l0i2mkr8vjb9f4f94v.png,Caelid,A set of perpetually burning ruins in western Caelid. The Caelid Highway cuts through these ruins which are heavily guarded by mobile flamethrowers and swarming with burning reanimated corpses,
17f696635c6l0i2mkuc7ifimqdqkmw,Caelid Catacombs,https://eldenring.fanapis.com/images/locations/17f696635c6l0i2mkuc7ifimqdqkmw.png,Caelid,A labyrinth of Scarlet Rot-soaked floors and tunnels.,
17f69759442l0i2mkz2ozy780lp1ia,Caelid Waypoint Ruins,https://eldenring.fanapis.com/images/locations/17f69759442l0i2mkz2ozy780lp1ia.png,Caelid,"A set of ruins found in southwest Caelid, along the highway. Long abandoned, the ruins have become home to all manner of creatures that revel in the decay and putrefaction brought on by the scarlet rot",
17f699bc4c7l0i2ml02kvmdi9fv2a,Aeonia Swamp,https://eldenring.fanapis.com/images/locations/17f699bc4c7l0i2ml02kvmdi9fv2a.png,Caelid,"The Swamp of Aeonia is nestled in the center of the Caelid region. What were once flourishing plains filled with rich flora and fauna are now reduced to a cesspool of death and decay. A high concentration of the dreaded scarlet rot has mutated the very earth itself, twisting the creatures and plant life that once called this home.",
17f69a15b4al0i2ml8g7pe7tcjmzqk,Cathedral Of Dragon Communion (caelid),https://eldenring.fanapis.com/images/locations/17f69a15b4al0i2ml8g7pe7tcjmzqk.png,Caelid,"The Cathedral of Dragon Communion has long been destroyed, but those who seek to commune with draconic power may yet access its power ",
17f69922e0fl0i2mlawpo9eps0kqe,Church Of The Plague,https://eldenring.fanapis.com/images/locations/17f69922e0fl0i2mlawpo9eps0kqe.png,Caelid,"A dilapidated church found in the cliffs east of Sellia, Town of Sorcery",
17f69dbb012l0i2mlliso8pvrpw4an,Fort Gael,https://eldenring.fanapis.com/images/locations/17f69dbb012l0i2mlliso8pvrpw4an.png,Caelid,"A ruined fort in a ruined land, ",
17f69b4d520l0i2mln0ngtae6zndll,Gael Tunnel,https://eldenring.fanapis.com/images/locations/17f69b4d520l0i2mln0ngtae6zndll.png,Caelid,"A set of tunnels found on the western edge of Caelid, along the border to Limgrave",
17f69a84cf2l0i2mlr7qukgvew5dt,Forsaken Ruins,https://eldenring.fanapis.com/images/locations/17f69a84cf2l0i2mlr7qukgvew5dt.png,Caelid,The Forsaken Ruins consists of a group of broken buildings and abandoned campsites. It is located in Caelid and is gaurded by a Giant Crow,
17f69d11b53l0i2mlurz5othyaw2yn,Gaol Cave,https://eldenring.fanapis.com/images/locations/17f69d11b53l0i2mlurz5othyaw2yn.png,Caelid,Found at the west of Caelid.,
17f6981d80cl0i2mlvehfutqz69f7c,Gowry's Shack,https://eldenring.fanapis.com/images/locations/17f6981d80cl0i2mlvehfutqz69f7c.png,Caelid,"A lone shack found below the eastern hills near Sellia, Town of Sorcery.",
17f69d11915l0i2mm7w192hcoirxvu,Minor Erdtree Catacombs,https://eldenring.fanapis.com/images/locations/17f69d11915l0i2mm7w192hcoirxvu.png,Caelid,"Minor Erdtree Catacombs is a Location in Elden Ring. The Minor Erdtree Catacombs is found in Caelid, beneath the Minor Erdtree. Players can reach this location by traveling east from where the region meets with Limgrave and then looking for the entrance behind the tree, in the north.",
17f69c84fbal0i2mmf3h8h45isx18a,Redmane Castle,https://eldenring.fanapis.com/images/locations/17f69c84fbal0i2mmf3h8h45isx18a.png,Caelid,A small castle that is heavily guarded at the castle's outskirts by Radahn Knights and Soldiers. The Redmane Castle serves as the gathering point for warriors alike who are wanting to participate in the Radahn Festival,
17f69654a3dl0i2mmit9ec0mmxu749,Minor Erdtree (caelid),https://eldenring.fanapis.com/images/locations/17f69654a3dl0i2mmit9ec0mmxu749.png,Caelid,"The Minor Erdtree of Caelid, found in the northwest near the border to Limgrave.",
17f69e4cd2al0i2mmjf7o5gwy7nhbg,Sellia Crystal Tunnel,https://eldenring.fanapis.com/images/locations/17f69e4cd2al0i2mmjf7o5gwy7nhbg.png,Caelid,The crystal mining operation of Sellia is overseen by greedy and aggressive insectoids ,
17f69866cf7l0i2mmw8ziuo0llo4l8,Sellia Evergaol,https://eldenring.fanapis.com/images/locations/17f69866cf7l0i2mmw8ziuo0llo4l8.png,Dragonbarrow, Outside of Sellia Evergaol,
17f69f5508fl0i2mmwfbgtc9rn3v1n,Sellia Gateway,https://eldenring.fanapis.com/images/locations/17f69f5508fl0i2mmwfbgtc9rn3v1n.png,Caelid,"The gateway leading to Sellia, Town of Socrcery",
17f69f1cb3fl0i2mn4dwszk6ivxz2,"Sellia, Town Of Sorcery",https://eldenring.fanapis.com/images/locations/17f69f1cb3fl0i2mn4dwszk6ivxz2.png,Caelid,"A once-great town renowned for its study of the sorcerous arts. Now lying in ruin, the ghosts of its former scholars still roam the streets.",
17f69d93dd7l0i2mn5cuabfm8gwktg,Smoldering Church,https://eldenring.fanapis.com/images/locations/17f69d93dd7l0i2mn5cuabfm8gwktg.png,Limgrave,The Last Church in Limgrave before reaching Caelid,
17f69ae9c57l0i2mn6m3td3uzlk5s5,Shack Of The Rotting,https://eldenring.fanapis.com/images/locations/17f69ae9c57l0i2mn6m3td3uzlk5s5.png,Caelid,An old worn-down shack overlooking a long stretch of cliffs in western Caelid.,
17f697a0d02l0i2mnesx1dup5pg1u9,Street Of Sages Ruins,https://eldenring.fanapis.com/images/locations/17f697a0d02l0i2mnesx1dup5pg1u9.png,Caelid,"The sages of Caelid are no more, and their former district is now the dwelling of perfumers and their poisonous flowers ",
17f699e1038l0i2mnmh37d1nfbes3b,War-dead Catacombs,https://eldenring.fanapis.com/images/locations/17f699e1038l0i2mnmh37d1nfbes3b.png,Caelid,Catacombs for those who have died a glorious battle death,
17f69625085l0i2mnshaufkjhe4gok,Capital Outskirts,https://eldenring.fanapis.com/images/locations/17f69625085l0i2mnshaufkjhe4gok.png,Altus Pleateau,"Capital Outskirts is a Location in Elden Ring. The Capital Outskirts sub-region lies in the Eastern area of the Altus Plateau and is the region just outside Leyndell, Royal Capital but still within the capital's outer walls. Beware of Skeletons rising from their graves and rocks flying out of the capital toward the battlegrounds when exploring the area.",
17f6993b974l0i2mnzpvp1ultcqrm,Altus Tunnel,https://eldenring.fanapis.com/images/locations/17f6993b974l0i2mnzpvp1ultcqrm.png,Altus Pleateau,The Altus tunnels were once used to supply the lands with quality crystals ,
17f697ef5f2l0i2mo0qi9n0ri0imyd,"Dominula, Windmill Village",https://eldenring.fanapis.com/images/locations/17f697ef5f2l0i2mo0qi9n0ri0imyd.png,Altus Pleateau,"Dominula, Windmill Village is a Location in Elden Ring. The Dominula, Windmill Village  is found in Altus Plateau. East of the ""Road of iniquity Side Path""sight of grace. Follow the main path southeast then bend east.  ",
17f69bbcfcal0i2mo7s8f4xhwr53ms,East Windmill Pasture,https://eldenring.fanapis.com/images/locations/17f69bbcfcal0i2mo7s8f4xhwr53ms.png,Altus Pleateau,"East Pasture Outskirsts of Windmill Village. True to its name, it can be identified by the still-working windmill placed in the center of the pasture.",
17f698e4311l0i2mo8fibxu670d50f,Golden Lineage Evergaol,https://eldenring.fanapis.com/images/locations/17f698e4311l0i2mo8fibxu670d50f.png,Altus Pleateau,An evergaol located on within the Altus Plateau.,
17f696d8354l0i2mogg6n9e7genjdc,Hermit Merchant's Shack,https://eldenring.fanapis.com/images/locations/17f696d8354l0i2mogg6n9e7genjdc.png,Altus Pleateau,"Nestled on a cliff within the confines of the Royal Capital, this shack is home to a humble merchant, who has chosen a life of seclusion",
17f697f9642l0i2molzde5v6dex4io,Altus Tunnel,https://eldenring.fanapis.com/images/locations/17f697f9642l0i2molzde5v6dex4io.png,Altus Pleateau,The Altus tunnels were once used to supply the lands with quality crystals ,
17f69a8e034l0i2moqhosmm855zzp,"Leyndell, Royal Capital",https://eldenring.fanapis.com/images/locations/17f69a8e034l0i2moqhosmm855zzp.png,Altus Pleateau,"Leyndell, Royal Capital is a Location in Elden Ring. The Leyndell, Royal Capital region is only accessible to players who have gathered two Great Runes or by following Ranni the Witch quest line and defeating Fia's Champions near the Great Waterfall Crest Site of Grace in the Deeproot Depths, and has content for highly leveled gameplay. For a detailed walkthrough, please visit the walkthrough page for Leyndell, Royal Capital Legacy Dungeon here.",
17f69b88577l0i2moruy4cidw6hrmb,Lux Ruins,,Altus Pleateau,"Long forgotten ruins among golden trees, swarmed with demi-humans protecting the undergound chamber.",
17f697666c6l0i2mozt3d41gvlk4j8,Old Altus Tunnel,https://eldenring.fanapis.com/images/locations/17f697666c6l0i2mozt3d41gvlk4j8.png,Altus Pleateau,"An old mining site, still active to this day. Its tunnels echo with the grunts and groans of the commoners, tirelessly slaving away, grinding at the rich reservoir of crystals deep within",
17f698ef5fbl0i2mp1l1tslwuty9kl,Minor Erdtree Church,https://eldenring.fanapis.com/images/locations/17f698ef5fbl0i2mp1l1tslwuty9kl.png,Altus Pleateau,What's left of the Church of the Minor Erdtree,
17f698984e2l0i2mpau822kzbjamiq,Sealed Tunnel,https://eldenring.fanapis.com/images/locations/17f698984e2l0i2mpau822kzbjamiq.png,Altus Pleateau,Not as small or abandoned as it looks.,
17f69b9d414l0i2mpdus3zy2at76rr,Stormcaller Church,https://eldenring.fanapis.com/images/locations/17f69b9d414l0i2mpdus3zy2at76rr.png,Altus Pleateau,A lonely church on a steppe,
17f6981f5f9l0i2mpl63u29r5fa3te,The Shaded Castle,https://eldenring.fanapis.com/images/locations/17f6981f5f9l0i2mpl63u29r5fa3te.png,Altus Pleateau,"An abandoned and Decrepit castle found in the northern region between the Mt. Gelmir and the Altus Plateau regions. The castle is half sunken into a poisonous bog, with the air tinged yellow by the fumes.",
17f69af90afl0i2mpmxqabln2xz5gc,Woodfolk Ruins,https://eldenring.fanapis.com/images/locations/17f69af90afl0i2mpmxqabln2xz5gc.png,Altus Pleateau,"Woodfolk Ruins, guarded by Limgrave's creatures, can be found near the Minor Erdtree within Altus Plateau.",
17f69b068c5l0i2mpzgw13xb7y8df,Corpse-stench Shack,,Altus Pleateau,A run-down shack amidst burning corpses past the site of a recent battle.,
17f69d9b8fel0i2mq0i7c25oc8ud27,Writheblood Ruins,https://eldenring.fanapis.com/images/locations/17f69d9b8fel0i2mq0i7c25oc8ud27.png,Altus Pleateau,"Writheblood ruins, with nearest minor erdtree in background",
17f69d1692bl0i2mq82mmh96k9rqih,Craftsman's Shack,https://eldenring.fanapis.com/images/locations/17f69d1692bl0i2mq82mmh96k9rqih.png,Altus Pleateau,A series of long-abandoned huts found directly south of the volcano,
17f69b3cf18l0i2mqdndclk0p7tmvv,Gelmir Hero's Grave,https://eldenring.fanapis.com/images/locations/17f69b3cf18l0i2mqdndclk0p7tmvv.png,Altus Pleateau,Large Catacombs housing an ancient hero of Mt. Gelmir.,
17f69a0735el0i2mqkr50k38bz166b,Hermit's Shack,https://eldenring.fanapis.com/images/locations/17f69a0735el0i2mqkr50k38bz166b.png,Altus Pleateau,An abandoned shack along the western edge of Mt. Gelmir,
17f69b78aa3l0i2mqmnrfo05lqjj3,Fort Laiedd,https://eldenring.fanapis.com/images/locations/17f69b78aa3l0i2mqmnrfo05lqjj3.png,Altus Pleateau,"Fort Laiedd is found on the western edge of Mt. Gelmir. A fort left broken, still occupied by those who won the battle",
17f69f41641l0i2mqtyu5zlb9bg8xc,Perfumer's Ruins,https://eldenring.fanapis.com/images/locations/17f69f41641l0i2mqtyu5zlb9bg8xc.png,Altus Pleateau,"A set of ruins found in Altus Plateau, far to the west and below Mt. Gelmir.",
17f69630438l0i2mqvzhowrb84vyy,Hermit Village,https://eldenring.fanapis.com/images/locations/17f69630438l0i2mqvzhowrb84vyy.png,Altus Pleateau,A dilapidated village southeast of Mt. Gelmir. Now home to Demi-Humans.,
17f69a39644l0i2mr10gkkf9agp8m7,Sage's Cave,https://eldenring.fanapis.com/images/locations/17f69a39644l0i2mr10gkkf9agp8m7.png,Altus Pleateau,"Sage's Cave is a dark opening in the side of a mountain. Its dark depths are overrun by hostile undead, but those who brave it may find treasures beyond compare",
17f69a7a523l0i2mr4q3lyuakdiubr,Second Church Of Marika,https://eldenring.fanapis.com/images/locations/17f69a7a523l0i2mr4q3lyuakdiubr.png,Altus Pleateau,Second of the four Churches of Marika where players can gather a Sacred Tear for their flask.,
17f69c28019l0i2mrdirn1c1brqcqj,Unsightly Catacombs,https://eldenring.fanapis.com/images/locations/17f69c28019l0i2mrdirn1c1brqcqj.png,Altus Pleateau,"A burial grounds crawling with Misbegotten creatures found deep beneath the Perfumer's Ruins. Despite its decrepit state, the catacombs give off a trace of fragrant aromas juxtaposed by the scent of the ancient dead",
17f6967952el0i2mrhy8fpgqo0f4hr,Seethewater Cave,https://eldenring.fanapis.com/images/locations/17f6967952el0i2mrhy8fpgqo0f4hr.png,Altus Pleateau,A cave found along the Seethewater Ravine.,
17f696c58e8l0i2mrr461qyqfe46y6,Wyndham Catacombs,https://eldenring.fanapis.com/images/locations/17f696c58e8l0i2mrr461qyqfe46y6.png,Altus Pleateau,Burial grounds located beneath Wyndham Ruins.,
17f69e3f410l0i2mrtcr66ff1g9p4h,Volcano Cave,https://eldenring.fanapis.com/images/locations/17f69e3f410l0i2mrtcr66ff1g9p4h.png,Altus Pleateau,"A cave system at the highest point of Mt. Gelmir, made into a home by a family of Demi-Humans hiding their maddened Queen.",
17f697f4526l0i2mrynoucp5w0m96s,Wyndham Ruins,https://eldenring.fanapis.com/images/locations/17f697f4526l0i2mrynoucp5w0m96s.png,Altus Pleateau,A large set of ruins atop a burial grounds. The reanimated dead still roam the area,
17f69b97ce8l0i2ms4ikyh4h5oxhve,Bestial Sanctum,https://eldenring.fanapis.com/images/locations/17f69b97ce8l0i2ms4ikyh4h5oxhve.png,Caelid,"The Beastial Sanctum is a refuge for those who feed on the dead. Beastly and deformed, the clergyman here will teach the ways of the beast to those who feed it",
17f69a52fdal0i2mscdgudt5b894m5,Dragonbarrow Cave,https://eldenring.fanapis.com/images/locations/17f69a52fdal0i2mscdgudt5b894m5.png,Dragonbarrow,A small dungeon found beneath the Minor Erdtree in Dragonbarrow,
17f69bd98abl0i2msf1hgi0pk8vssd,Divine Tower Of Caelid,https://eldenring.fanapis.com/images/locations/17f69bd98abl0i2msf1hgi0pk8vssd.png,Caelid,"A massive tower found in central Dragonbarrow, north of Caelid. The sides of the tower are crumbling from the massive overgrowth protruding from the plateau",
17f69bc1846l0i2msgjjzgo3z9kwjh,Deep Siofra Well,https://eldenring.fanapis.com/images/locations/17f69bc1846l0i2msgjjzgo3z9kwjh.png,Dragonbarrow,A second lift to the Siofra River.,
17f69f6581cl0i2msjrduyrq5lzcub,Fort Faroth,https://eldenring.fanapis.com/images/locations/17f69f6581cl0i2msjrduyrq5lzcub.png,Dragonbarrow,"Fort Faroth used to house the guardians of Caelid, but its defenders have long fallen, now bound to earth as hostile spirits",
17f696f226dl0i2msytg87r3uaqkyd,Lenne's Rise,https://eldenring.fanapis.com/images/locations/17f696f226dl0i2msytg87r3uaqkyd.png,Dragonbarrow,"An observation tower in the northeast of Dragonbarrow, off the path to the Bestial Sanctum",
17f69dd1443l0i2mt2e1wsljt8hffr,Isolated Merchant's Shack (dragonbarrow),https://eldenring.fanapis.com/images/locations/17f69dd1443l0i2mt2e1wsljt8hffr.png,Dragonbarrow,A lonesome hut found atop a plateau in western Dragonbarrow. Home to a hermit looking to part with various odds and ends... for a price,
17f697b13fal0i2mt2gmldy864m2zj,Castle Sol,https://eldenring.fanapis.com/images/locations/17f697b13fal0i2mt2gmldy864m2zj.png,Mountaintops of the Giants,A castle found in the northeast of the Mountaintops of the Giants. Stronghold of Commander Niall and his spectral knights,
17f6986804dl0i2mt48ydii28an8a,Church Of Repose,https://eldenring.fanapis.com/images/locations/17f6986804dl0i2mt48ydii28an8a.png,Mountaintops of the Giants,A small crumbled church high on the mountains,
17f69d071acl0i2mtig4ni1eefzjg,Forge Of The Giants,https://eldenring.fanapis.com/images/locations/17f69d071acl0i2mtig4ni1eefzjg.png,Mountaintops of the Giants,The giant's forge could contain a volcano.,
17f697bdfffl0i2mtpen4salledwa,Grand Lift Of Rold,https://eldenring.fanapis.com/images/locations/17f697bdfffl0i2mtpen4salledwa.png,Mountaintops of the Giants,The impressive Lift of Rold transports those who wield the right key. But could there be more than one destination??,
17f698657ecl0i2mtswf7rb3f7u2l7,Guardians' Garrison,https://eldenring.fanapis.com/images/locations/17f698657ecl0i2mtswf7rb3f7u2l7.png,Mountaintops of the Giants,"Guardian's Garrison is staffed by Fire Priests, who zealously watch the road leading to the Giant's Forge ",
17f697036fbl0i2mtt1y66q5foxdq,Giant-conquering Hero's Grave,https://eldenring.fanapis.com/images/locations/17f697036fbl0i2mtt1y66q5foxdq.png,Mountaintops of the Giants,A complex dungeon filled with invulnerable enemies and strange golden floor seals. ,
17f6986c248l0i2mud577bnmdfh8w,Shack Of The Lofty,https://eldenring.fanapis.com/images/locations/17f6986c248l0i2mud577bnmdfh8w.png,Mountaintops of the Giants,"A lone shack found in the Mountaintops of the Giants. This shack was once visited by a traveling maiden, but she had long since perished under the elements",
17f69a25d31l0i2muhzfvabyqxiv2v,Spiritcaller's Cave,https://eldenring.fanapis.com/images/locations/17f69a25d31l0i2muhzfvabyqxiv2v.png,Mountaintops of the Giants,"A cave found by the Freezing Lake, heavily battered by the elements",
17f695f2681l0i2muinpxbngca38up,Stargazer's Ruins,https://eldenring.fanapis.com/images/locations/17f695f2681l0i2muinpxbngca38up.png,Mountaintops of the Giants,A set of ruins found in central Mountaintops of the Giants. The plateau it is sitting on is located between two bridges.,
17f69efba83l0i2mv5car0cnamiotl,Zamor Ruins,https://eldenring.fanapis.com/images/locations/17f69efba83l0i2mv5car0cnamiotl.png,Mountaintops of the Giants,"The ancient Town of Zamor, now fallen to ruin. Its anzient order of knights still roam the snow-capped streets",
17f69b5132al0i2mvbu1p0fqlhzbjb,Consecrated Snowfield Catacombs,https://eldenring.fanapis.com/images/locations/17f69b5132al0i2mvbu1p0fqlhzbjb.png,Mountaintops of the Giants,"The Catacombs of the fields leading to Miquella's Haligtree hide powerful secrets, but are zealously guarded",
17f697fe6e2l0i2mvhwmvjnk9ek1hb,Apostate Derelict,https://eldenring.fanapis.com/images/locations/17f697fe6e2l0i2mvhwmvjnk9ek1hb.png,Mountaintops of the Giants,A ruined church lying in the frozen north-west of the Consecrated Grounds ,
17f6994064fl0i2mvrzl0ze8veus3,Heretical Rise,https://eldenring.fanapis.com/images/locations/17f6994064fl0i2mvrzl0ze8veus3.png,Mountaintops of the Giants,"The secrets of Heretical Rise are closely guarded by hidden magic, but the tower is overrun with hostile Avionette Soldiers ",
17f69a00a08l0i2mvsxha1qmkpwnqb,Hidden Path To The Haligtree,https://eldenring.fanapis.com/images/locations/17f69a00a08l0i2mvsxha1qmkpwnqb.png,Mountaintops of the Giants,The secret passage leading to Miquella's Haligtree has been polluted by Those Who Live in Dead ,
17f69ea8ac4l0i2mw3htuchm8ubrxk,Yelough Anix Ruins,https://eldenring.fanapis.com/images/locations/17f69ea8ac4l0i2mw3htuchm8ubrxk.png,Mountaintops of the Giants,A set of ruins found in the northwest of the Consecrated Snowfield,
17f699f31b0l0i2mw5av5ayol4jqjn,"Ordina, Liturgical Town",https://eldenring.fanapis.com/images/locations/17f699f31b0l0i2mw5av5ayol4jqjn.png,Mountaintops of the Giants,Ghost town inhabitated in the evergaol,
17f69dfae57l0i2mwa08uny35m2uqf,Yelough Anix Tunnel,https://eldenring.fanapis.com/images/locations/17f69dfae57l0i2mwa08uny35m2uqf.png,Mountaintops of the Giants,An icy tunnel on the southern edge of the Yelough Anix Ruins,
